date,public_holiday_type,public_holiday,school_holiday,school_holiday_type,celebratory_day,celebratory_day_type
01/01/2010,New Years Day,1,0,0,0,0
02/01/2010,0,0,1,Winter School Holiday,0,0
03/01/2010,0,0,1,Winter School Holiday,0,0
04/01/2010,0,0,0,0,0,0
05/01/2010,0,0,0,0,0,0
06/01/2010,0,0,0,0,0,0
07/01/2010,0,0,0,0,0,0
08/01/2010,0,0,0,0,0,0
09/01/2010,0,0,0,0,0,0
10/01/2010,0,0,0,0,0,0
11/01/2010,0,0,0,0,0,0
12/01/2010,0,0,0,0,0,0
13/01/2010,0,0,0,0,0,0
14/01/2010,0,0,0,0,0,0
15/01/2010,0,0,0,0,0,0
16/01/2010,0,0,0,0,0,0
17/01/2010,0,0,0,0,0,0
18/01/2010,0,0,0,0,0,0
19/01/2010,0,0,0,0,0,0
20/01/2010,0,0,0,0,0,0
21/01/2010,0,0,0,0,0,0
22/01/2010,0,0,0,0,0,0
23/01/2010,0,0,0,0,0,0
24/01/2010,0,0,0,0,0,0
25/01/2010,0,0,0,0,0,0
26/01/2010,0,0,0,0,0,0
27/01/2010,0,0,0,0,0,0
28/01/2010,0,0,0,0,0,0
29/01/2010,0,0,0,0,0,0
30/01/2010,0,0,0,0,0,0
31/01/2010,0,0,0,0,0,0
01/02/2010,0,0,0,0,0,0
02/02/2010,0,0,0,0,0,0
03/02/2010,0,0,0,0,0,0
04/02/2010,0,0,0,0,0,0
05/02/2010,0,0,0,0,0,0
06/02/2010,0,0,0,0,0,0
07/02/2010,0,0,0,0,0,0
08/02/2010,0,0,0,0,0,0
09/02/2010,0,0,0,0,0,0
10/02/2010,0,0,0,0,0,0
11/02/2010,0,0,0,0,0,0
12/02/2010,0,0,0,0,0,0
13/02/2010,0,0,0,0,0,0
14/02/2010,0,0,0,0,1,Valentines Day
15/02/2010,0,0,1,Spring Half-Term School Holiday,0,0
16/02/2010,0,0,1,Spring Half-Term School Holiday,1,Pancake
17/02/2010,0,0,1,Spring Half-Term School Holiday,0,0
18/02/2010,0,0,1,Spring Half-Term School Holiday,0,0
19/02/2010,0,0,1,Spring Half-Term School Holiday,0,0
20/02/2010,0,0,1,Spring Half-Term School Holiday,0,0
21/02/2010,0,0,1,Spring Half-Term School Holiday,0,0
22/02/2010,0,0,0,0,0,0
23/02/2010,0,0,0,0,0,0
24/02/2010,0,0,0,0,0,0
25/02/2010,0,0,0,0,0,0
26/02/2010,0,0,0,0,0,0
27/02/2010,0,0,0,0,0,0
28/02/2010,0,0,0,0,0,0
01/03/2010,0,0,0,0,1,St Davids Day
02/03/2010,0,0,0,0,0,0
03/03/2010,0,0,0,0,0,0
04/03/2010,0,0,0,0,0,0
05/03/2010,0,0,0,0,0,0
06/03/2010,0,0,0,0,0,0
07/03/2010,0,0,0,0,0,0
08/03/2010,0,0,0,0,0,0
09/03/2010,0,0,0,0,0,0
10/03/2010,0,0,0,0,0,0
11/03/2010,0,0,0,0,0,0
12/03/2010,0,0,0,0,0,0
13/03/2010,0,0,0,0,0,0
14/03/2010,0,0,0,0,1,Mothering Sunday
15/03/2010,0,0,0,0,0,0
16/03/2010,0,0,0,0,0,0
17/03/2010,0,0,0,0,1,St Patricks Day
18/03/2010,0,0,0,0,0,0
19/03/2010,0,0,0,0,0,0
20/03/2010,0,0,0,0,0,0
21/03/2010,0,0,0,0,0,0
22/03/2010,0,0,0,0,0,0
23/03/2010,0,0,0,0,0,0
24/03/2010,0,0,0,0,0,0
25/03/2010,0,0,0,0,0,0
26/03/2010,0,0,0,0,0,0
27/03/2010,0,0,0,0,0,0
28/03/2010,0,0,0,0,0,0
29/03/2010,0,0,0,0,0,0
30/03/2010,0,0,0,0,0,0
31/03/2010,0,0,0,0,0,0
01/04/2010,0,0,0,0,0,0
02/04/2010,Good Friday,1,1,Spring School Holiday,0,0
03/04/2010,Holy Saturday,1,1,Spring School Holiday,0,0
04/04/2010,Easter Sunday,1,1,Spring School Holiday,0,0
05/04/2010,Easter Monday,1,1,Spring School Holiday,0,0
06/04/2010,0,0,1,Spring School Holiday,0,0
07/04/2010,0,0,1,Spring School Holiday,0,0
08/04/2010,0,0,1,Spring School Holiday,0,0
09/04/2010,0,0,1,Spring School Holiday,0,0
10/04/2010,0,0,1,Spring School Holiday,0,0
11/04/2010,0,0,1,Spring School Holiday,0,0
12/04/2010,0,0,1,Spring School Holiday,0,0
13/04/2010,0,0,1,Spring School Holiday,0,0
14/04/2010,0,0,1,Spring School Holiday,0,0
15/04/2010,0,0,1,Spring School Holiday,0,0
16/04/2010,0,0,1,Spring School Holiday,0,0
17/04/2010,0,0,1,Spring School Holiday,0,0
18/04/2010,0,0,1,Spring School Holiday,0,0
19/04/2010,0,0,0,0,0,0
20/04/2010,0,0,0,0,0,0
21/04/2010,0,0,0,0,0,0
22/04/2010,0,0,0,0,0,0
23/04/2010,0,0,0,0,0,0
24/04/2010,0,0,0,0,0,0
25/04/2010,0,0,0,0,0,0
26/04/2010,0,0,0,0,0,0
27/04/2010,0,0,0,0,0,0
28/04/2010,0,0,0,0,0,0
29/04/2010,0,0,0,0,0,0
30/04/2010,0,0,0,0,0,0
01/05/2010,0,0,0,0,0,0
02/05/2010,0,0,0,0,0,0
03/05/2010,Early May Bank Holiday,1,0,0,0,0
04/05/2010,0,0,0,0,0,0
05/05/2010,0,0,0,0,0,0
06/05/2010,0,0,0,0,0,0
07/05/2010,0,0,0,0,0,0
08/05/2010,0,0,0,0,0,0
09/05/2010,0,0,0,0,0,0
10/05/2010,0,0,0,0,0,0
11/05/2010,0,0,0,0,0,0
12/05/2010,0,0,0,0,0,0
13/05/2010,0,0,0,0,0,0
14/05/2010,0,0,0,0,0,0
15/05/2010,0,0,0,0,0,0
16/05/2010,0,0,0,0,0,0
17/05/2010,0,0,0,0,0,0
18/05/2010,0,0,0,0,0,0
19/05/2010,0,0,0,0,0,0
20/05/2010,0,0,0,0,0,0
21/05/2010,0,0,0,0,0,0
22/05/2010,0,0,0,0,0,0
23/05/2010,0,0,0,0,0,0
24/05/2010,0,0,0,0,0,0
25/05/2010,0,0,0,0,0,0
26/05/2010,0,0,0,0,0,0
27/05/2010,0,0,0,0,0,0
28/05/2010,0,0,0,0,0,0
29/05/2010,0,0,0,0,0,0
30/05/2010,0,0,0,0,0,0
31/05/2010,Spring Bank Holiday,1,1,Summer Half-Term School Holiday,0,0
01/06/2010,0,0,1,Summer Half-Term School Holiday,0,0
02/06/2010,0,0,1,Summer Half-Term School Holiday,0,0
03/06/2010,0,0,1,Summer Half-Term School Holiday,0,0
04/06/2010,0,0,1,Summer Half-Term School Holiday,0,0
05/06/2010,0,0,1,Summer Half-Term School Holiday,0,0
06/06/2010,0,0,1,Summer Half-Term School Holiday,0,0
07/06/2010,0,0,0,0,0,0
08/06/2010,0,0,0,0,0,0
09/06/2010,0,0,0,0,0,0
10/06/2010,0,0,0,0,0,0
11/06/2010,0,0,0,0,0,0
12/06/2010,0,0,0,0,0,0
13/06/2010,0,0,0,0,0,0
14/06/2010,0,0,0,0,0,0
15/06/2010,0,0,0,0,0,0
16/06/2010,0,0,0,0,0,0
17/06/2010,0,0,0,0,0,0
18/06/2010,0,0,0,0,0,0
19/06/2010,0,0,0,0,0,0
20/06/2010,0,0,0,0,1,Father's Day
21/06/2010,0,0,0,0,0,0
22/06/2010,0,0,0,0,0,0
23/06/2010,0,0,0,0,0,0
24/06/2010,0,0,0,0,0,0
25/06/2010,0,0,0,0,0,0
26/06/2010,0,0,0,0,0,0
27/06/2010,0,0,0,0,0,0
28/06/2010,0,0,0,0,0,0
29/06/2010,0,0,0,0,0,0
30/06/2010,0,0,0,0,0,0
01/07/2010,0,0,0,0,0,0
02/07/2010,0,0,0,0,0,0
03/07/2010,0,0,0,0,0,0
04/07/2010,0,0,0,0,0,0
05/07/2010,0,0,0,0,0,0
06/07/2010,0,0,0,0,0,0
07/07/2010,0,0,0,0,0,0
08/07/2010,0,0,0,0,0,0
09/07/2010,0,0,0,0,0,0
10/07/2010,0,0,0,0,0,0
11/07/2010,0,0,0,0,0,0
12/07/2010,0,0,0,0,0,0
13/07/2010,0,0,0,0,0,0
14/07/2010,0,0,0,0,0,0
15/07/2010,0,0,0,0,0,0
16/07/2010,0,0,0,0,0,0
17/07/2010,0,0,0,0,0,0
18/07/2010,0,0,0,0,0,0
19/07/2010,0,0,0,0,0,0
20/07/2010,0,0,0,0,0,0
21/07/2010,0,0,0,0,0,0
22/07/2010,0,0,1,Summer School Holiday,0,0
23/07/2010,0,0,1,Summer School Holiday,0,0
24/07/2010,0,0,1,Summer School Holiday,0,0
25/07/2010,0,0,1,Summer School Holiday,0,0
26/07/2010,0,0,1,Summer School Holiday,0,0
27/07/2010,0,0,1,Summer School Holiday,0,0
28/07/2010,0,0,1,Summer School Holiday,0,0
29/07/2010,0,0,1,Summer School Holiday,0,0
30/07/2010,0,0,1,Summer School Holiday,0,0
31/07/2010,0,0,1,Summer School Holiday,0,0
01/08/2010,0,0,1,Summer School Holiday,0,0
02/08/2010,0,0,1,Summer School Holiday,0,0
03/08/2010,0,0,1,Summer School Holiday,0,0
04/08/2010,0,0,1,Summer School Holiday,0,0
05/08/2010,0,0,1,Summer School Holiday,0,0
06/08/2010,0,0,1,Summer School Holiday,0,0
07/08/2010,0,0,1,Summer School Holiday,0,0
08/08/2010,0,0,1,Summer School Holiday,0,0
09/08/2010,0,0,1,Summer School Holiday,0,0
10/08/2010,0,0,1,Summer School Holiday,0,0
11/08/2010,0,0,1,Summer School Holiday,0,0
12/08/2010,0,0,1,Summer School Holiday,0,0
13/08/2010,0,0,1,Summer School Holiday,0,0
14/08/2010,0,0,1,Summer School Holiday,0,0
15/08/2010,0,0,1,Summer School Holiday,0,0
16/08/2010,0,0,1,Summer School Holiday,0,0
17/08/2010,0,0,1,Summer School Holiday,0,0
18/08/2010,0,0,1,Summer School Holiday,0,0
19/08/2010,0,0,1,Summer School Holiday,0,0
20/08/2010,0,0,1,Summer School Holiday,0,0
21/08/2010,0,0,1,Summer School Holiday,0,0
22/08/2010,0,0,1,Summer School Holiday,0,0
23/08/2010,0,0,1,Summer School Holiday,0,0
24/08/2010,0,0,1,Summer School Holiday,0,0
25/08/2010,0,0,1,Summer School Holiday,0,0
26/08/2010,0,0,1,Summer School Holiday,0,0
27/08/2010,0,0,1,Summer School Holiday,0,0
28/08/2010,0,0,1,Summer School Holiday,0,0
29/08/2010,0,0,1,Summer School Holiday,0,0
30/08/2010,August Bank Holiday,1,1,Summer School Holiday,0,0
31/08/2010,0,0,1,Summer School Holiday,0,0
01/09/2010,0,0,1,Summer School Holiday,0,0
02/09/2010,0,0,1,Summer School Holiday,0,0
03/09/2010,0,0,1,Summer School Holiday,0,0
04/09/2010,0,0,1,Summer School Holiday,0,0
05/09/2010,0,0,1,Summer School Holiday,0,0
06/09/2010,0,0,0,0,0,0
07/09/2010,0,0,0,0,0,0
08/09/2010,0,0,0,0,0,0
09/09/2010,0,0,0,0,1,Eid Al-Fitr
10/09/2010,0,0,0,0,0,0
11/09/2010,0,0,0,0,0,0
12/09/2010,0,0,0,0,0,0
13/09/2010,0,0,0,0,0,0
14/09/2010,0,0,0,0,0,0
15/09/2010,0,0,0,0,0,0
16/09/2010,0,0,0,0,0,0
17/09/2010,0,0,0,0,0,0
18/09/2010,0,0,0,0,0,0
19/09/2010,0,0,0,0,0,0
20/09/2010,0,0,0,0,0,0
21/09/2010,0,0,0,0,0,0
22/09/2010,0,0,0,0,0,0
23/09/2010,0,0,0,0,0,0
24/09/2010,0,0,0,0,0,0
25/09/2010,0,0,0,0,0,0
26/09/2010,0,0,0,0,0,0
27/09/2010,0,0,0,0,0,0
28/09/2010,0,0,0,0,0,0
29/09/2010,0,0,0,0,0,0
30/09/2010,0,0,0,0,0,0
01/10/2010,0,0,0,0,0,0
02/10/2010,0,0,0,0,0,0
03/10/2010,0,0,0,0,0,0
04/10/2010,0,0,0,0,0,0
05/10/2010,0,0,0,0,0,0
06/10/2010,0,0,0,0,0,0
07/10/2010,0,0,0,0,0,0
08/10/2010,0,0,0,0,0,0
09/10/2010,0,0,0,0,0,0
10/10/2010,0,0,0,0,0,0
11/10/2010,0,0,0,0,0,0
12/10/2010,0,0,0,0,0,0
13/10/2010,0,0,0,0,0,0
14/10/2010,0,0,0,0,0,0
15/10/2010,0,0,0,0,0,0
16/10/2010,0,0,0,0,0,0
17/10/2010,0,0,0,0,0,0
18/10/2010,0,0,0,0,0,0
19/10/2010,0,0,0,0,0,0
20/10/2010,0,0,0,0,0,0
21/10/2010,0,0,0,0,0,0
22/10/2010,0,0,0,0,0,0
23/10/2010,0,0,0,0,0,0
24/10/2010,0,0,0,0,0,0
25/10/2010,0,0,1,Autumn Half-Term School Holiday,0,0
26/10/2010,0,0,1,Autumn Half-Term School Holiday,0,0
27/10/2010,0,0,1,Autumn Half-Term School Holiday,0,0
28/10/2010,0,0,1,Autumn Half-Term School Holiday,0,0
29/10/2010,0,0,1,Autumn Half-Term School Holiday,0,0
30/10/2010,0,0,1,Autumn Half-Term School Holiday,0,0
31/10/2010,0,0,0,0,1,Halloween Day
01/11/2010,0,0,0,0,0,0
02/11/2010,0,0,0,0,0,0
03/11/2010,0,0,0,0,0,0
04/11/2010,0,0,0,0,0,0
05/11/2010,0,0,0,0,1,Guy Fawkes Night
06/11/2010,0,0,0,0,0,0
07/11/2010,0,0,0,0,0,0
08/11/2010,0,0,0,0,0,0
09/11/2010,0,0,0,0,0,0
10/11/2010,0,0,0,0,0,0
11/11/2010,0,0,0,0,0,0
12/11/2010,0,0,0,0,0,0
13/11/2010,0,0,0,0,0,0
14/11/2010,0,0,0,0,1,Remembrance Sunday
15/11/2010,0,0,0,0,0,0
16/11/2010,0,0,0,0,1,Eid Al-Adha
17/11/2010,0,0,0,0,0,0
18/11/2010,0,0,0,0,0,0
19/11/2010,0,0,0,0,0,0
20/11/2010,0,0,0,0,0,0
21/11/2010,0,0,0,0,0,0
22/11/2010,0,0,0,0,0,0
23/11/2010,0,0,0,0,0,0
24/11/2010,0,0,0,0,0,0
25/11/2010,0,0,0,0,0,0
26/11/2010,0,0,0,0,1,Black Friday
27/11/2010,0,0,0,0,0,0
28/11/2010,0,0,0,0,0,0
29/11/2010,0,0,0,0,0,0
30/11/2010,0,0,0,0,0,0
01/12/2010,0,0,0,0,0,0
02/12/2010,0,0,0,0,0,0
03/12/2010,0,0,0,0,0,0
04/12/2010,0,0,0,0,0,0
05/12/2010,0,0,0,0,0,0
06/12/2010,0,0,0,0,0,0
07/12/2010,0,0,0,0,0,0
08/12/2010,0,0,0,0,0,0
09/12/2010,0,0,0,0,0,0
10/12/2010,0,0,0,0,0,0
11/12/2010,0,0,0,0,0,0
12/12/2010,0,0,0,0,0,0
13/12/2010,0,0,0,0,0,0
14/12/2010,0,0,0,0,0,0
15/12/2010,0,0,0,0,0,0
16/12/2010,0,0,0,0,0,0
17/12/2010,0,0,0,0,0,0
18/12/2010,0,0,0,0,0,0
19/12/2010,0,0,0,0,0,0
20/12/2010,0,0,1,Winter School Holiday,0,0
21/12/2010,0,0,1,Winter School Holiday,0,0
22/12/2010,0,0,1,Winter School Holiday,0,0
23/12/2010,0,0,1,Winter School Holiday,0,0
24/12/2010,0,0,1,Winter School Holiday,0,0
25/12/2010,Christmas Day,1,1,Winter School Holiday,0,0
26/12/2010,Boxing Day,1,1,Winter School Holiday,0,0
27/12/2010,subtitute for Christmas Day,1,1,Winter School Holiday,0,0
28/12/2010,subtitute for Boxing Day,1,1,Winter School Holiday,0,0
29/12/2010,0,0,1,Winter School Holiday,0,0
30/12/2010,0,0,1,Winter School Holiday,0,0
31/12/2010,0,0,1,Winter School Holiday,0,0
01/01/2011,New Years Day,0,1,Winter School Holiday,0,0
02/01/2011,,1,1,Winter School Holiday,0,0
03/01/2011,subtitute for New Years Day,1,1,Winter School Holiday,0,0
04/01/2011,0,0,0,0,0,0
05/01/2011,0,0,0,0,0,0
06/01/2011,0,0,0,0,0,0
07/01/2011,0,0,0,0,0,0
08/01/2011,0,0,0,0,0,0
09/01/2011,0,0,0,0,0,0
10/01/2011,0,0,0,0,0,0
11/01/2011,0,0,0,0,0,0
12/01/2011,0,0,0,0,0,0
13/01/2011,0,0,0,0,0,0
14/01/2011,0,0,0,0,0,0
15/01/2011,0,0,0,0,0,0
16/01/2011,0,0,0,0,0,0
17/01/2011,0,0,0,0,0,0
18/01/2011,0,0,0,0,0,0
19/01/2011,0,0,0,0,0,0
20/01/2011,0,0,0,0,0,0
21/01/2011,0,0,0,0,0,0
22/01/2011,0,0,0,0,0,0
23/01/2011,0,0,0,0,0,0
24/01/2011,0,0,0,0,0,0
25/01/2011,0,0,0,0,0,0
26/01/2011,0,0,0,0,0,0
27/01/2011,0,0,0,0,0,0
28/01/2011,0,0,0,0,0,0
29/01/2011,0,0,0,0,0,0
30/01/2011,0,0,0,0,0,0
31/01/2011,0,0,0,0,0,0
01/02/2011,0,0,0,0,0,0
02/02/2011,0,0,0,0,0,0
03/02/2011,0,0,0,0,0,0
04/02/2011,0,0,0,0,0,0
05/02/2011,0,0,0,0,0,0
06/02/2011,0,0,0,0,0,0
07/02/2011,0,0,0,0,0,0
08/02/2011,0,0,0,0,0,0
09/02/2011,0,0,0,0,0,0
10/02/2011,0,0,0,0,0,0
11/02/2011,0,0,0,0,0,0
12/02/2011,0,0,0,0,0,0
13/02/2011,0,0,0,0,0,0
14/02/2011,0,0,0,0,1,Valentines Day
15/02/2011,0,0,0,0,0,0
16/02/2011,0,0,0,0,0,0
17/02/2011,0,0,0,0,0,0
18/02/2011,0,0,0,0,0,0
19/02/2011,0,0,0,0,0,0
20/02/2011,0,0,0,0,0,0
21/02/2011,0,0,1,Spring Half-Term School Holiday,0,0
22/02/2011,0,0,1,Spring Half-Term School Holiday,0,0
23/02/2011,0,0,1,Spring Half-Term School Holiday,0,0
24/02/2011,0,0,1,Spring Half-Term School Holiday,0,0
25/02/2011,0,0,1,Spring Half-Term School Holiday,0,0
26/02/2011,0,0,1,Spring Half-Term School Holiday,0,0
27/02/2011,0,0,1,Spring Half-Term School Holiday,0,0
28/02/2011,0,0,0,0,0,0
01/03/2011,0,0,0,0,1,St Davids Day
02/03/2011,0,0,0,0,0,0
03/03/2011,0,0,0,0,0,0
04/03/2011,0,0,0,0,0,0
05/03/2011,0,0,0,0,0,0
06/03/2011,0,0,0,0,0,0
07/03/2011,0,0,0,0,0,0
08/03/2011,0,0,0,0,1,Pancake
09/03/2011,0,0,0,0,0,0
10/03/2011,0,0,0,0,0,0
11/03/2011,0,0,0,0,0,0
12/03/2011,0,0,0,0,0,0
13/03/2011,0,0,0,0,0,0
14/03/2011,0,0,0,0,0,0
15/03/2011,0,0,0,0,0,0
16/03/2011,0,0,0,0,0,0
17/03/2011,0,0,0,0,1,St Patricks Day
18/03/2011,0,0,0,0,0,0
19/03/2011,0,0,0,0,0,0
20/03/2011,0,0,0,0,0,0
21/03/2011,0,0,0,0,0,0
22/03/2011,0,0,0,0,0,0
23/03/2011,0,0,0,0,0,0
24/03/2011,0,0,0,0,0,0
25/03/2011,0,0,0,0,0,0
26/03/2011,0,0,0,0,0,0
27/03/2011,0,0,0,0,0,0
28/03/2011,0,0,0,0,0,0
29/03/2011,0,0,0,0,0,0
30/03/2011,0,0,0,0,0,0
31/03/2011,0,0,0,0,0,0
01/04/2011,0,0,0,0,0,0
02/04/2011,0,0,0,0,0,0
03/04/2011,0,0,0,0,1,Mothering Sunday
04/04/2011,0,0,0,0,0,0
05/04/2011,0,0,0,0,0,0
06/04/2011,0,0,0,0,0,0
07/04/2011,0,0,0,0,0,0
08/04/2011,0,0,0,0,0,0
09/04/2011,0,0,0,0,0,0
10/04/2011,0,0,0,0,0,0
11/04/2011,0,0,1,Spring School Holiday,0,0
12/04/2011,0,0,1,Spring School Holiday,0,0
13/04/2011,0,0,1,Spring School Holiday,0,0
14/04/2011,0,0,1,Spring School Holiday,0,0
15/04/2011,0,0,1,Spring School Holiday,0,0
16/04/2011,0,0,1,Spring School Holiday,0,0
17/04/2011,0,0,1,Spring School Holiday,0,0
18/04/2011,0,0,1,Spring School Holiday,0,0
19/04/2011,0,0,1,Spring School Holiday,0,0
20/04/2011,0,0,1,Spring School Holiday,0,0
21/04/2011,0,0,1,Spring School Holiday,0,0
22/04/2011,Good Friday,1,1,Spring School Holiday,0,0
23/04/2011,Holy Saturday,1,1,Spring School Holiday,0,0
24/04/2011,Easter Sunday,1,1,Spring School Holiday,0,0
25/04/2011,Easter Monday,1,1,Spring School Holiday,0,0
26/04/2011,0,0,0,0,0,0
27/04/2011,0,0,0,0,0,0
28/04/2011,0,0,0,0,0,0
29/04/2011,0,0,0,0,0,0
30/04/2011,0,0,0,0,0,0
01/05/2011,0,0,0,0,0,0
02/05/2011,Early May Bank Holiday,1,0,0,0,0
03/05/2011,0,0,0,0,0,0
04/05/2011,0,0,0,0,0,0
05/05/2011,0,0,0,0,0,0
06/05/2011,0,0,0,0,0,0
07/05/2011,0,0,0,0,0,0
08/05/2011,0,0,0,0,0,0
09/05/2011,0,0,0,0,0,0
10/05/2011,0,0,0,0,0,0
11/05/2011,0,0,0,0,0,0
12/05/2011,0,0,0,0,0,0
13/05/2011,0,0,0,0,0,0
14/05/2011,0,0,0,0,0,0
15/05/2011,0,0,0,0,0,0
16/05/2011,0,0,0,0,0,0
17/05/2011,0,0,0,0,0,0
18/05/2011,0,0,0,0,0,0
19/05/2011,0,0,0,0,0,0
20/05/2011,0,0,0,0,0,0
21/05/2011,0,0,0,0,0,0
22/05/2011,0,0,0,0,0,0
23/05/2011,0,0,0,0,0,0
24/05/2011,0,0,0,0,0,0
25/05/2011,0,0,0,0,0,0
26/05/2011,0,0,0,0,0,0
27/05/2011,0,0,0,0,0,0
28/05/2011,0,0,0,0,0,0
29/05/2011,0,0,0,0,0,0
30/05/2011,Spring Bank Holiday,1,0,0,0,0
31/05/2011,0,0,0,0,0,0
01/06/2011,0,0,0,0,0,0
02/06/2011,0,0,0,0,0,0
03/06/2011,0,0,0,0,0,0
04/06/2011,0,0,0,0,0,0
05/06/2011,0,0,0,0,0,0
06/06/2011,0,0,1,Summer Half-Term School Holiday,0,0
07/06/2011,0,0,1,Summer Half-Term School Holiday,0,0
08/06/2011,0,0,1,Summer Half-Term School Holiday,0,0
09/06/2011,0,0,1,Summer Half-Term School Holiday,0,0
10/06/2011,0,0,1,Summer Half-Term School Holiday,0,0
11/06/2011,0,0,1,Summer Half-Term School Holiday,0,0
12/06/2011,0,0,1,Summer Half-Term School Holiday,0,0
13/06/2011,0,0,0,0,0,0
14/06/2011,0,0,0,0,0,0
15/06/2011,0,0,0,0,0,0
16/06/2011,0,0,0,0,0,0
17/06/2011,0,0,0,0,0,0
18/06/2011,0,0,0,0,0,0
19/06/2011,0,0,0,0,1,Father's Day
20/06/2011,0,0,0,0,0,0
21/06/2011,0,0,0,0,0,0
22/06/2011,0,0,0,0,0,0
23/06/2011,0,0,0,0,0,0
24/06/2011,0,0,0,0,0,0
25/06/2011,0,0,0,0,0,0
26/06/2011,0,0,0,0,0,0
27/06/2011,0,0,0,0,0,0
28/06/2011,0,0,0,0,0,0
29/06/2011,0,0,0,0,0,0
30/06/2011,0,0,0,0,0,0
01/07/2011,0,0,0,0,0,0
02/07/2011,0,0,0,0,0,0
03/07/2011,0,0,0,0,0,0
04/07/2011,0,0,0,0,0,0
05/07/2011,0,0,0,0,0,0
06/07/2011,0,0,0,0,0,0
07/07/2011,0,0,0,0,0,0
08/07/2011,0,0,0,0,0,0
09/07/2011,0,0,0,0,0,0
10/07/2011,0,0,0,0,0,0
11/07/2011,0,0,0,0,0,0
12/07/2011,0,0,0,0,0,0
13/07/2011,0,0,0,0,0,0
14/07/2011,0,0,0,0,0,0
15/07/2011,0,0,0,0,0,0
16/07/2011,0,0,0,0,0,0
17/07/2011,0,0,0,0,0,0
18/07/2011,0,0,0,0,0,0
19/07/2011,0,0,0,0,0,0
20/07/2011,0,0,0,0,0,0
21/07/2011,0,0,0,0,0,0
22/07/2011,0,0,1,Summer School Holiday,0,0
23/07/2011,0,0,1,Summer School Holiday,0,0
24/07/2011,0,0,1,Summer School Holiday,0,0
25/07/2011,0,0,1,Summer School Holiday,0,0
26/07/2011,0,0,1,Summer School Holiday,0,0
27/07/2011,0,0,1,Summer School Holiday,0,0
28/07/2011,0,0,1,Summer School Holiday,0,0
29/07/2011,0,0,1,Summer School Holiday,0,0
30/07/2011,0,0,1,Summer School Holiday,0,0
31/07/2011,0,0,1,Summer School Holiday,0,0
01/08/2011,0,0,1,Summer School Holiday,0,0
02/08/2011,0,0,1,Summer School Holiday,0,0
03/08/2011,0,0,1,Summer School Holiday,0,0
04/08/2011,0,0,1,Summer School Holiday,0,0
05/08/2011,0,0,1,Summer School Holiday,0,0
06/08/2011,0,0,1,Summer School Holiday,0,0
07/08/2011,0,0,1,Summer School Holiday,0,0
08/08/2011,0,0,1,Summer School Holiday,0,0
09/08/2011,0,0,1,Summer School Holiday,0,0
10/08/2011,0,0,1,Summer School Holiday,0,0
11/08/2011,0,0,1,Summer School Holiday,0,0
12/08/2011,0,0,1,Summer School Holiday,0,0
13/08/2011,0,0,1,Summer School Holiday,0,0
14/08/2011,0,0,1,Summer School Holiday,0,0
15/08/2011,0,0,1,Summer School Holiday,0,0
16/08/2011,0,0,1,Summer School Holiday,0,0
17/08/2011,0,0,1,Summer School Holiday,0,0
18/08/2011,0,0,1,Summer School Holiday,0,0
19/08/2011,0,0,1,Summer School Holiday,0,0
20/08/2011,0,0,1,Summer School Holiday,0,0
21/08/2011,0,0,1,Summer School Holiday,0,0
22/08/2011,0,0,1,Summer School Holiday,0,0
23/08/2011,0,0,1,Summer School Holiday,0,0
24/08/2011,0,0,1,Summer School Holiday,0,0
25/08/2011,0,0,1,Summer School Holiday,0,0
26/08/2011,0,0,1,Summer School Holiday,0,0
27/08/2011,0,0,1,Summer School Holiday,0,0
28/08/2011,0,0,1,Summer School Holiday,0,0
29/08/2011,August Bank Holiday,1,1,Summer School Holiday,0,0
30/08/2011,0,0,1,Summer School Holiday,1,Eid Al-Fitr
31/08/2011,0,0,1,Summer School Holiday,0,0
01/09/2011,0,0,1,Summer School Holiday,0,0
02/09/2011,0,0,1,Summer School Holiday,0,0
03/09/2011,0,0,1,Summer School Holiday,0,0
04/09/2011,0,0,1,Summer School Holiday,0,0
05/09/2011,0,0,0,0,0,0
06/09/2011,0,0,0,0,0,0
07/09/2011,0,0,0,0,0,0
08/09/2011,0,0,0,0,0,0
09/09/2011,0,0,0,0,0,0
10/09/2011,0,0,0,0,0,0
11/09/2011,0,0,0,0,0,0
12/09/2011,0,0,0,0,0,0
13/09/2011,0,0,0,0,0,0
14/09/2011,0,0,0,0,0,0
15/09/2011,0,0,0,0,0,0
16/09/2011,0,0,0,0,0,0
17/09/2011,0,0,0,0,0,0
18/09/2011,0,0,0,0,0,0
19/09/2011,0,0,0,0,0,0
20/09/2011,0,0,0,0,0,0
21/09/2011,0,0,0,0,0,0
22/09/2011,0,0,0,0,0,0
23/09/2011,0,0,0,0,0,0
24/09/2011,0,0,0,0,0,0
25/09/2011,0,0,0,0,0,0
26/09/2011,0,0,0,0,0,0
27/09/2011,0,0,0,0,0,0
28/09/2011,0,0,0,0,0,0
29/09/2011,0,0,0,0,0,0
30/09/2011,0,0,0,0,0,0
01/10/2011,0,0,0,0,0,0
02/10/2011,0,0,0,0,0,0
03/10/2011,0,0,0,0,0,0
04/10/2011,0,0,0,0,0,0
05/10/2011,0,0,0,0,0,0
06/10/2011,0,0,0,0,0,0
07/10/2011,0,0,0,0,0,0
08/10/2011,0,0,0,0,0,0
09/10/2011,0,0,0,0,0,0
10/10/2011,0,0,0,0,0,0
11/10/2011,0,0,0,0,0,0
12/10/2011,0,0,0,0,0,0
13/10/2011,0,0,0,0,0,0
14/10/2011,0,0,0,0,0,0
15/10/2011,0,0,0,0,0,0
16/10/2011,0,0,0,0,0,0
17/10/2011,0,0,0,0,0,0
18/10/2011,0,0,0,0,0,0
19/10/2011,0,0,0,0,0,0
20/10/2011,0,0,0,0,0,0
21/10/2011,0,0,0,0,0,0
22/10/2011,0,0,0,0,0,0
23/10/2011,0,0,0,0,0,0
24/10/2011,0,0,1,Autumn Half-Term School Holiday,0,0
25/10/2011,0,0,1,Autumn Half-Term School Holiday,0,0
26/10/2011,0,0,1,Autumn Half-Term School Holiday,0,0
27/10/2011,0,0,1,Autumn Half-Term School Holiday,0,0
28/10/2011,0,0,1,Autumn Half-Term School Holiday,0,0
29/10/2011,0,0,1,Autumn Half-Term School Holiday,0,0
30/10/2011,0,0,1,Autumn Half-Term School Holiday,0,0
31/10/2011,0,0,0,0,1,Halloween Day
01/11/2011,0,0,0,0,0,0
02/11/2011,0,0,0,0,0,0
03/11/2011,0,0,0,0,0,0
04/11/2011,0,0,0,0,0,0
05/11/2011,0,0,0,0,1,Guy Fawkes Night
06/11/2011,0,0,0,0,1,Eid Al-Adha
07/11/2011,0,0,0,0,0,0
08/11/2011,0,0,0,0,0,0
09/11/2011,0,0,0,0,0,0
10/11/2011,0,0,0,0,0,0
11/11/2011,0,0,0,0,0,0
12/11/2011,0,0,0,0,0,0
13/11/2011,0,0,0,0,1,Remembrance Sunday
14/11/2011,0,0,0,0,0,0
15/11/2011,0,0,0,0,0,0
16/11/2011,0,0,0,0,0,0
17/11/2011,0,0,0,0,0,0
18/11/2011,0,0,0,0,0,0
19/11/2011,0,0,0,0,0,0
20/11/2011,0,0,0,0,0,0
21/11/2011,0,0,0,0,0,0
22/11/2011,0,0,0,0,0,0
23/11/2011,0,0,0,0,0,0
24/11/2011,0,0,0,0,0,0
25/11/2011,0,0,0,0,1,Black Friday
26/11/2011,0,0,0,0,0,0
27/11/2011,0,0,0,0,0,0
28/11/2011,0,0,0,0,0,0
29/11/2011,0,0,0,0,0,0
30/11/2011,0,0,0,0,0,0
01/12/2011,0,0,0,0,0,0
02/12/2011,0,0,0,0,0,0
03/12/2011,0,0,0,0,0,0
04/12/2011,0,0,0,0,0,0
05/12/2011,0,0,0,0,0,0
06/12/2011,0,0,0,0,0,0
07/12/2011,0,0,0,0,0,0
08/12/2011,0,0,0,0,0,0
09/12/2011,0,0,0,0,0,0
10/12/2011,0,0,0,0,0,0
11/12/2011,0,0,0,0,0,0
12/12/2011,0,0,0,0,0,0
13/12/2011,0,0,0,0,0,0
14/12/2011,0,0,0,0,0,0
15/12/2011,0,0,0,0,0,0
16/12/2011,0,0,0,0,0,0
17/12/2011,0,0,0,0,0,0
18/12/2011,0,0,0,0,0,0
19/12/2011,0,0,1,Winter School Holiday,0,0
20/12/2011,0,0,1,Winter School Holiday,0,0
21/12/2011,0,0,1,Winter School Holiday,0,0
22/12/2011,0,0,1,Winter School Holiday,0,0
23/12/2011,0,0,1,Winter School Holiday,0,0
24/12/2011,0,0,1,Winter School Holiday,0,0
25/12/2011,Christmas Day,1,1,Winter School Holiday,0,0
26/12/2011,Boxing Day,1,1,Winter School Holiday,0,0
27/12/2011,subtitute for Christmas Day,1,1,Winter School Holiday,0,0
28/12/2011,0,0,1,Winter School Holiday,0,0
29/12/2011,0,0,1,Winter School Holiday,0,0
30/12/2011,0,0,1,Winter School Holiday,0,0
31/12/2011,0,0,1,Winter School Holiday,0,0
01/01/2012,New Years Day,1,1,Winter School Holiday,0,0
02/01/2012,subtitute for New Years Day,1,1,Winter School Holiday,0,0
03/01/2012,0,0,0,0,0,0
04/01/2012,0,0,0,0,0,0
05/01/2012,0,0,0,0,0,0
06/01/2012,0,0,0,0,0,0
07/01/2012,0,0,0,0,0,0
08/01/2012,0,0,0,0,0,0
09/01/2012,0,0,0,0,0,0
10/01/2012,0,0,0,0,0,0
11/01/2012,0,0,0,0,0,0
12/01/2012,0,0,0,0,0,0
13/01/2012,0,0,0,0,0,0
14/01/2012,0,0,0,0,0,0
15/01/2012,0,0,0,0,0,0
16/01/2012,0,0,0,0,0,0
17/01/2012,0,0,0,0,0,0
18/01/2012,0,0,0,0,0,0
19/01/2012,0,0,0,0,0,0
20/01/2012,0,0,0,0,0,0
21/01/2012,0,0,0,0,0,0
22/01/2012,0,0,0,0,0,0
23/01/2012,0,0,0,0,0,0
24/01/2012,0,0,0,0,0,0
25/01/2012,0,0,0,0,0,0
26/01/2012,0,0,0,0,0,0
27/01/2012,0,0,0,0,0,0
28/01/2012,0,0,0,0,0,0
29/01/2012,0,0,0,0,0,0
30/01/2012,0,0,0,0,0,0
31/01/2012,0,0,0,0,0,0
01/02/2012,0,0,0,0,0,0
02/02/2012,0,0,0,0,0,0
03/02/2012,0,0,0,0,0,0
04/02/2012,0,0,0,0,0,0
05/02/2012,0,0,0,0,0,0
06/02/2012,0,0,0,0,0,0
07/02/2012,0,0,0,0,0,0
08/02/2012,0,0,0,0,0,0
09/02/2012,0,0,0,0,0,0
10/02/2012,0,0,0,0,0,0
11/02/2012,0,0,0,0,0,0
12/02/2012,0,0,0,0,0,0
13/02/2012,0,0,0,0,0,0
14/02/2012,0,0,0,0,1,Valentines Day
15/02/2012,0,0,0,0,0,0
16/02/2012,0,0,0,0,0,0
17/02/2012,0,0,0,0,0,0
18/02/2012,0,0,0,0,0,0
19/02/2012,0,0,0,0,0,0
20/02/2012,0,0,1,Spring Half-Term School Holiday,0,0
21/02/2012,0,0,1,Spring Half-Term School Holiday,1,Pancake
22/02/2012,0,0,1,Spring Half-Term School Holiday,0,0
23/02/2012,0,0,1,Spring Half-Term School Holiday,0,0
24/02/2012,0,0,1,Spring Half-Term School Holiday,0,0
25/02/2012,0,0,1,Spring Half-Term School Holiday,0,0
26/02/2012,0,0,1,Spring Half-Term School Holiday,0,0
27/02/2012,0,0,0,0,0,0
28/02/2012,0,0,0,0,0,0
29/02/2012,0,0,0,0,0,0
01/03/2012,0,0,0,0,1,St Davids Day
02/03/2012,0,0,0,0,0,0
03/03/2012,0,0,0,0,0,0
04/03/2012,0,0,0,0,0,0
05/03/2012,0,0,0,0,0,0
06/03/2012,0,0,0,0,0,0
07/03/2012,0,0,0,0,0,0
08/03/2012,0,0,0,0,0,0
09/03/2012,0,0,0,0,0,0
10/03/2012,0,0,0,0,0,0
11/03/2012,0,0,0,0,0,0
12/03/2012,0,0,0,0,0,0
13/03/2012,0,0,0,0,0,0
14/03/2012,0,0,0,0,0,0
15/03/2012,0,0,0,0,0,0
16/03/2012,0,0,0,0,0,0
17/03/2012,0,0,0,0,1,St Patricks Day
18/03/2012,0,0,0,0,1,Mothering Sunday
19/03/2012,0,0,0,0,0,0
20/03/2012,0,0,0,0,0,0
21/03/2012,0,0,0,0,0,0
22/03/2012,0,0,0,0,0,0
23/03/2012,0,0,0,0,0,0
24/03/2012,0,0,0,0,0,0
25/03/2012,0,0,0,0,0,0
26/03/2012,0,0,0,0,0,0
27/03/2012,0,0,0,0,0,0
28/03/2012,0,0,0,0,0,0
29/03/2012,0,0,0,0,0,0
30/03/2012,0,0,0,0,0,0
31/03/2012,0,0,0,0,0,0
01/04/2012,0,0,0,0,0,0
02/04/2012,0,0,1,Spring School Holiday,0,0
03/04/2012,0,0,1,Spring School Holiday,0,0
04/04/2012,0,0,1,Spring School Holiday,0,0
05/04/2012,0,0,1,Spring School Holiday,0,0
06/04/2012,Good Friday,1,1,Spring School Holiday,0,0
07/04/2012,Holy Saturday,1,1,Spring School Holiday,0,0
08/04/2012,Easter Sunday,1,1,Spring School Holiday,0,0
09/04/2012,Easter Monday,1,1,Spring School Holiday,0,0
10/04/2012,0,0,1,Spring School Holiday,0,0
11/04/2012,0,0,1,Spring School Holiday,0,0
12/04/2012,0,0,1,Spring School Holiday,0,0
13/04/2012,0,0,1,Spring School Holiday,0,0
14/04/2012,0,0,1,Spring School Holiday,0,0
15/04/2012,0,0,1,Spring School Holiday,0,0
16/04/2012,0,0,0,0,0,0
17/04/2012,0,0,0,0,0,0
18/04/2012,0,0,0,0,0,0
19/04/2012,0,0,0,0,0,0
20/04/2012,0,0,0,0,0,0
21/04/2012,0,0,0,0,0,0
22/04/2012,0,0,0,0,0,0
23/04/2012,0,0,0,0,0,0
24/04/2012,0,0,0,0,0,0
25/04/2012,0,0,0,0,0,0
26/04/2012,0,0,0,0,0,0
27/04/2012,0,0,0,0,0,0
28/04/2012,0,0,0,0,0,0
29/04/2012,0,0,0,0,0,0
30/04/2012,0,0,0,0,0,0
01/05/2012,0,0,0,0,0,0
02/05/2012,0,0,0,0,0,0
03/05/2012,0,0,0,0,0,0
04/05/2012,0,0,0,0,0,0
05/05/2012,0,0,0,0,0,0
06/05/2012,0,0,0,0,0,0
07/05/2012,Early May Bank Holiday,1,0,0,0,0
08/05/2012,0,0,0,0,0,0
09/05/2012,0,0,0,0,0,0
10/05/2012,0,0,0,0,0,0
11/05/2012,0,0,0,0,0,0
12/05/2012,0,0,0,0,0,0
13/05/2012,0,0,0,0,0,0
14/05/2012,0,0,0,0,0,0
15/05/2012,0,0,0,0,0,0
16/05/2012,0,0,0,0,0,0
17/05/2012,0,0,0,0,0,0
18/05/2012,0,0,0,0,0,0
19/05/2012,0,0,0,0,0,0
20/05/2012,0,0,0,0,0,0
21/05/2012,0,0,0,0,0,0
22/05/2012,0,0,0,0,0,0
23/05/2012,0,0,0,0,0,0
24/05/2012,0,0,0,0,0,0
25/05/2012,0,0,0,0,0,0
26/05/2012,0,0,0,0,0,0
27/05/2012,0,0,0,0,0,0
28/05/2012,0,0,0,0,0,0
29/05/2012,0,0,0,0,0,0
30/05/2012,0,0,0,0,0,0
31/05/2012,0,0,0,0,0,0
01/06/2012,0,0,0,0,0,0
02/06/2012,0,0,0,0,0,0
03/06/2012,0,0,0,0,0,0
04/06/2012,Spring Bank Holiday,1,0,0,0,0
05/06/2012,0,0,0,0,0,0
06/06/2012,0,0,1,Summer Half-Term School Holiday,0,0
07/06/2012,0,0,1,Summer Half-Term School Holiday,0,0
08/06/2012,0,0,1,Summer Half-Term School Holiday,0,0
09/06/2012,0,0,1,Summer Half-Term School Holiday,0,0
10/06/2012,0,0,1,Summer Half-Term School Holiday,0,0
11/06/2012,0,0,0,0,0,0
12/06/2012,0,0,0,0,0,0
13/06/2012,0,0,0,0,0,0
14/06/2012,0,0,0,0,0,0
15/06/2012,0,0,0,0,0,0
16/06/2012,0,0,0,0,0,0
17/06/2012,0,0,0,0,1,Father's Day
18/06/2012,0,0,0,0,0,0
19/06/2012,0,0,0,0,0,0
20/06/2012,0,0,0,0,0,0
21/06/2012,0,0,0,0,0,0
22/06/2012,0,0,0,0,0,0
23/06/2012,0,0,0,0,0,0
24/06/2012,0,0,0,0,0,0
25/06/2012,0,0,0,0,0,0
26/06/2012,0,0,0,0,0,0
27/06/2012,0,0,0,0,0,0
28/06/2012,0,0,0,0,0,0
29/06/2012,0,0,0,0,0,0
30/06/2012,0,0,0,0,0,0
01/07/2012,0,0,0,0,0,0
02/07/2012,0,0,0,0,0,0
03/07/2012,0,0,0,0,0,0
04/07/2012,0,0,0,0,0,0
05/07/2012,0,0,0,0,0,0
06/07/2012,0,0,0,0,0,0
07/07/2012,0,0,0,0,0,0
08/07/2012,0,0,0,0,0,0
09/07/2012,0,0,0,0,0,0
10/07/2012,0,0,0,0,0,0
11/07/2012,0,0,0,0,0,0
12/07/2012,0,0,0,0,0,0
13/07/2012,0,0,0,0,0,0
14/07/2012,0,0,0,0,0,0
15/07/2012,0,0,0,0,0,0
16/07/2012,0,0,0,0,0,0
17/07/2012,0,0,0,0,0,0
18/07/2012,0,0,0,0,0,0
19/07/2012,0,0,0,0,0,0
20/07/2012,0,0,1,Summer School Holiday,0,0
21/07/2012,0,0,1,Summer School Holiday,0,0
22/07/2012,0,0,1,Summer School Holiday,0,0
23/07/2012,0,0,1,Summer School Holiday,0,0
24/07/2012,0,0,1,Summer School Holiday,0,0
25/07/2012,0,0,1,Summer School Holiday,0,0
26/07/2012,0,0,1,Summer School Holiday,0,0
27/07/2012,0,0,1,Summer School Holiday,0,0
28/07/2012,0,0,1,Summer School Holiday,0,0
29/07/2012,0,0,1,Summer School Holiday,0,0
30/07/2012,0,0,1,Summer School Holiday,0,0
31/07/2012,0,0,1,Summer School Holiday,0,0
01/08/2012,0,0,1,Summer School Holiday,0,0
02/08/2012,0,0,1,Summer School Holiday,0,0
03/08/2012,0,0,1,Summer School Holiday,0,0
04/08/2012,0,0,1,Summer School Holiday,0,0
05/08/2012,0,0,1,Summer School Holiday,0,0
06/08/2012,0,0,1,Summer School Holiday,0,0
07/08/2012,0,0,1,Summer School Holiday,0,0
08/08/2012,0,0,1,Summer School Holiday,0,0
09/08/2012,0,0,1,Summer School Holiday,0,0
10/08/2012,0,0,1,Summer School Holiday,0,0
11/08/2012,0,0,1,Summer School Holiday,0,0
12/08/2012,0,0,1,Summer School Holiday,0,0
13/08/2012,0,0,1,Summer School Holiday,0,0
14/08/2012,0,0,1,Summer School Holiday,0,0
15/08/2012,0,0,1,Summer School Holiday,0,0
16/08/2012,0,0,1,Summer School Holiday,0,0
17/08/2012,0,0,1,Summer School Holiday,0,0
18/08/2012,0,0,1,Summer School Holiday,1,Eid Al-Fitr
19/08/2012,0,0,1,Summer School Holiday,0,0
20/08/2012,0,0,1,Summer School Holiday,0,0
21/08/2012,0,0,1,Summer School Holiday,0,0
22/08/2012,0,0,1,Summer School Holiday,0,0
23/08/2012,0,0,1,Summer School Holiday,0,0
24/08/2012,0,0,1,Summer School Holiday,0,0
25/08/2012,0,0,1,Summer School Holiday,0,0
26/08/2012,0,0,1,Summer School Holiday,0,0
27/08/2012,August Bank Holiday,1,1,Summer School Holiday,0,0
28/08/2012,0,0,1,Summer School Holiday,0,0
29/08/2012,0,0,1,Summer School Holiday,0,0
30/08/2012,0,0,1,Summer School Holiday,0,0
31/08/2012,0,0,1,Summer School Holiday,0,0
01/09/2012,0,0,1,Summer School Holiday,0,0
02/09/2012,0,0,1,Summer School Holiday,0,0
03/09/2012,0,0,0,0,0,0
04/09/2012,0,0,0,0,0,0
05/09/2012,0,0,0,0,0,0
06/09/2012,0,0,0,0,0,0
07/09/2012,0,0,0,0,0,0
08/09/2012,0,0,0,0,0,0
09/09/2012,0,0,0,0,0,0
10/09/2012,0,0,0,0,0,0
11/09/2012,0,0,0,0,0,0
12/09/2012,0,0,0,0,0,0
13/09/2012,0,0,0,0,0,0
14/09/2012,0,0,0,0,0,0
15/09/2012,0,0,0,0,0,0
16/09/2012,0,0,0,0,0,0
17/09/2012,0,0,0,0,0,0
18/09/2012,0,0,0,0,0,0
19/09/2012,0,0,0,0,0,0
20/09/2012,0,0,0,0,0,0
21/09/2012,0,0,0,0,0,0
22/09/2012,0,0,0,0,0,0
23/09/2012,0,0,0,0,0,0
24/09/2012,0,0,0,0,0,0
25/09/2012,0,0,0,0,0,0
26/09/2012,0,0,0,0,0,0
27/09/2012,0,0,0,0,0,0
28/09/2012,0,0,0,0,0,0
29/09/2012,0,0,0,0,0,0
30/09/2012,0,0,0,0,0,0
01/10/2012,0,0,0,0,0,0
02/10/2012,0,0,0,0,0,0
03/10/2012,0,0,0,0,0,0
04/10/2012,0,0,0,0,0,0
05/10/2012,0,0,0,0,0,0
06/10/2012,0,0,0,0,0,0
07/10/2012,0,0,0,0,0,0
08/10/2012,0,0,0,0,0,0
09/10/2012,0,0,0,0,0,0
10/10/2012,0,0,0,0,0,0
11/10/2012,0,0,0,0,0,0
12/10/2012,0,0,0,0,0,0
13/10/2012,0,0,0,0,0,0
14/10/2012,0,0,0,0,0,0
15/10/2012,0,0,0,0,0,0
16/10/2012,0,0,0,0,0,0
17/10/2012,0,0,0,0,0,0
18/10/2012,0,0,0,0,0,0
19/10/2012,0,0,0,0,0,0
20/10/2012,0,0,0,0,0,0
21/10/2012,0,0,0,0,0,0
22/10/2012,0,0,0,0,0,0
23/10/2012,0,0,0,0,0,0
24/10/2012,0,0,0,0,0,0
25/10/2012,0,0,0,0,1,Eid Al-Adha
26/10/2012,0,0,0,0,0,0
27/10/2012,0,0,0,0,0,0
28/10/2012,0,0,0,0,0,0
29/10/2012,0,0,1,Autumn Half-Term School Holiday,0,0
30/10/2012,0,0,1,Autumn Half-Term School Holiday,0,0
31/10/2012,0,0,1,Autumn Half-Term School Holiday,1,Halloween Day
01/11/2012,0,0,1,Autumn Half-Term School Holiday,0,0
02/11/2012,0,0,1,Autumn Half-Term School Holiday,0,0
03/11/2012,0,0,1,Autumn Half-Term School Holiday,0,0
04/11/2012,0,0,1,Autumn Half-Term School Holiday,0,0
05/11/2012,0,0,0,0,1,Guy Fawkes Night
06/11/2012,0,0,0,0,0,0
07/11/2012,0,0,0,0,0,0
08/11/2012,0,0,0,0,0,0
09/11/2012,0,0,0,0,0,0
10/11/2012,0,0,0,0,0,0
11/11/2012,0,0,0,0,1,Remembrance Sunday
12/11/2012,0,0,0,0,0,0
13/11/2012,0,0,0,0,0,0
14/11/2012,0,0,0,0,0,0
15/11/2012,0,0,0,0,0,0
16/11/2012,0,0,0,0,0,0
17/11/2012,0,0,0,0,0,0
18/11/2012,0,0,0,0,0,0
19/11/2012,0,0,0,0,0,0
20/11/2012,0,0,0,0,0,0
21/11/2012,0,0,0,0,0,0
22/11/2012,0,0,0,0,0,0
23/11/2012,0,0,0,0,1,Black Friday
24/11/2012,0,0,0,0,0,0
25/11/2012,0,0,0,0,0,0
26/11/2012,0,0,0,0,0,0
27/11/2012,0,0,0,0,0,0
28/11/2012,0,0,0,0,0,0
29/11/2012,0,0,0,0,0,0
30/11/2012,0,0,0,0,0,0
01/12/2012,0,0,0,0,0,0
02/12/2012,0,0,0,0,0,0
03/12/2012,0,0,0,0,0,0
04/12/2012,0,0,0,0,0,0
05/12/2012,0,0,0,0,0,0
06/12/2012,0,0,0,0,0,0
07/12/2012,0,0,0,0,0,0
08/12/2012,0,0,0,0,0,0
09/12/2012,0,0,0,0,0,0
10/12/2012,0,0,0,0,0,0
11/12/2012,0,0,0,0,0,0
12/12/2012,0,0,0,0,0,0
13/12/2012,0,0,0,0,0,0
14/12/2012,0,0,0,0,0,0
15/12/2012,0,0,0,0,0,0
16/12/2012,0,0,0,0,0,0
17/12/2012,0,0,0,0,0,0
18/12/2012,0,0,0,0,0,0
19/12/2012,0,0,0,0,0,0
20/12/2012,0,0,0,0,0,0
21/12/2012,0,0,1,Winter School Holiday,0,0
22/12/2012,0,0,1,Winter School Holiday,0,0
23/12/2012,0,0,1,Winter School Holiday,0,0
24/12/2012,0,0,1,Winter School Holiday,0,0
25/12/2012,Christmas Day,1,1,Winter School Holiday,0,0
26/12/2012,Boxing Day,1,1,Winter School Holiday,0,0
27/12/2012,0,0,1,Winter School Holiday,0,0
28/12/2012,0,0,1,Winter School Holiday,0,0
29/12/2012,0,0,1,Winter School Holiday,0,0
30/12/2012,0,0,1,Winter School Holiday,0,0
31/12/2012,0,0,1,Winter School Holiday,0,0
01/01/2013,New Years Day,1,1,Winter School Holiday,0,0
02/01/2013,0,0,1,Winter School Holiday,0,0
03/01/2013,0,0,1,Winter School Holiday,0,0
04/01/2013,0,0,1,Winter School Holiday,0,0
05/01/2013,0,0,1,Winter School Holiday,0,0
06/01/2013,0,0,1,Winter School Holiday,0,0
07/01/2013,0,0,0,0,0,0
08/01/2013,0,0,0,0,0,0
09/01/2013,0,0,0,0,0,0
10/01/2013,0,0,0,0,0,0
11/01/2013,0,0,0,0,0,0
12/01/2013,0,0,0,0,0,0
13/01/2013,0,0,0,0,0,0
14/01/2013,0,0,0,0,0,0
15/01/2013,0,0,0,0,0,0
16/01/2013,0,0,0,0,0,0
17/01/2013,0,0,0,0,0,0
18/01/2013,0,0,0,0,0,0
19/01/2013,0,0,0,0,0,0
20/01/2013,0,0,0,0,0,0
21/01/2013,0,0,0,0,0,0
22/01/2013,0,0,0,0,0,0
23/01/2013,0,0,0,0,0,0
24/01/2013,0,0,0,0,0,0
25/01/2013,0,0,0,0,0,0
26/01/2013,0,0,0,0,0,0
27/01/2013,0,0,0,0,0,0
28/01/2013,0,0,0,0,0,0
29/01/2013,0,0,0,0,0,0
30/01/2013,0,0,0,0,0,0
31/01/2013,0,0,0,0,0,0
01/02/2013,0,0,0,0,0,0
02/02/2013,0,0,0,0,0,0
03/02/2013,0,0,0,0,0,0
04/02/2013,0,0,0,0,0,0
05/02/2013,0,0,0,0,0,0
06/02/2013,0,0,0,0,0,0
07/02/2013,0,0,0,0,0,0
08/02/2013,0,0,0,0,0,0
09/02/2013,0,0,0,0,0,0
10/02/2013,0,0,0,0,0,0
11/02/2013,0,0,1,Spring Half-Term School Holiday,0,0
12/02/2013,0,0,1,Spring Half-Term School Holiday,1,Pancake
13/02/2013,0,0,1,Spring Half-Term School Holiday,0,0
14/02/2013,0,0,1,Spring Half-Term School Holiday,1,Valentines Day
15/02/2013,0,0,1,Spring Half-Term School Holiday,0,0
16/02/2013,0,0,1,Spring Half-Term School Holiday,0,0
17/02/2013,0,0,1,Spring Half-Term School Holiday,0,0
18/02/2013,0,0,0,0,0,0
19/02/2013,0,0,0,0,0,0
20/02/2013,0,0,0,0,0,0
21/02/2013,0,0,0,0,0,0
22/02/2013,0,0,0,0,0,0
23/02/2013,0,0,0,0,0,0
24/02/2013,0,0,0,0,0,0
25/02/2013,0,0,0,0,0,0
26/02/2013,0,0,0,0,0,0
27/02/2013,0,0,0,0,0,0
28/02/2013,0,0,0,0,0,0
01/03/2013,0,0,0,0,1,St Davids Day
02/03/2013,0,0,0,0,0,0
03/03/2013,0,0,0,0,0,0
04/03/2013,0,0,0,0,0,0
05/03/2013,0,0,0,0,0,0
06/03/2013,0,0,0,0,0,0
07/03/2013,0,0,0,0,0,0
08/03/2013,0,0,0,0,0,0
09/03/2013,0,0,0,0,0,0
10/03/2013,0,0,0,0,1,Mothering Sunday
11/03/2013,0,0,0,0,0,0
12/03/2013,0,0,0,0,0,0
13/03/2013,0,0,0,0,0,0
14/03/2013,0,0,0,0,0,0
15/03/2013,0,0,0,0,0,0
16/03/2013,0,0,0,0,0,0
17/03/2013,0,0,0,0,1,St Patricks Day
18/03/2013,0,0,0,0,0,0
19/03/2013,0,0,0,0,0,0
20/03/2013,0,0,0,0,0,0
21/03/2013,0,0,0,0,0,0
22/03/2013,0,0,0,0,0,0
23/03/2013,0,0,0,0,0,0
24/03/2013,0,0,0,0,0,0
25/03/2013,0,0,0,0,0,0
26/03/2013,0,0,0,0,0,0
27/03/2013,0,0,0,0,0,0
28/03/2013,0,0,0,0,0,0
29/03/2013,Good Friday,1,1,Spring School Holiday,0,0
30/03/2013,Holy Saturday,1,1,Spring School Holiday,0,0
31/03/2013,Easter Sunday,1,1,Spring School Holiday,0,0
01/04/2013,Easter Monday,1,1,Spring School Holiday,0,0
02/04/2013,0,0,1,Spring School Holiday,0,0
03/04/2013,0,0,1,Spring School Holiday,0,0
04/04/2013,0,0,1,Spring School Holiday,0,0
05/04/2013,0,0,1,Spring School Holiday,0,0
06/04/2013,0,0,1,Spring School Holiday,0,0
07/04/2013,0,0,1,Spring School Holiday,0,0
08/04/2013,0,0,1,Spring School Holiday,0,0
09/04/2013,0,0,1,Spring School Holiday,0,0
10/04/2013,0,0,1,Spring School Holiday,0,0
11/04/2013,0,0,1,Spring School Holiday,0,0
12/04/2013,0,0,1,Spring School Holiday,0,0
13/04/2013,0,0,1,Spring School Holiday,0,0
14/04/2013,0,0,1,Spring School Holiday,0,0
15/04/2013,0,0,0,0,0,0
16/04/2013,0,0,0,0,0,0
17/04/2013,0,0,0,0,0,0
18/04/2013,0,0,0,0,0,0
19/04/2013,0,0,0,0,0,0
20/04/2013,0,0,0,0,0,0
21/04/2013,0,0,0,0,0,0
22/04/2013,0,0,0,0,0,0
23/04/2013,0,0,0,0,0,0
24/04/2013,0,0,0,0,0,0
25/04/2013,0,0,0,0,0,0
26/04/2013,0,0,0,0,0,0
27/04/2013,0,0,0,0,0,0
28/04/2013,0,0,0,0,0,0
29/04/2013,0,0,0,0,0,0
30/04/2013,0,0,0,0,0,0
01/05/2013,0,0,0,0,0,0
02/05/2013,0,0,0,0,0,0
03/05/2013,0,0,0,0,0,0
04/05/2013,0,0,0,0,0,0
05/05/2013,0,0,0,0,0,0
06/05/2013,Early May Bank Holiday,1,0,0,0,0
07/05/2013,0,0,0,0,0,0
08/05/2013,0,0,0,0,0,0
09/05/2013,0,0,0,0,0,0
10/05/2013,0,0,0,0,0,0
11/05/2013,0,0,0,0,0,0
12/05/2013,0,0,0,0,0,0
13/05/2013,0,0,0,0,0,0
14/05/2013,0,0,0,0,0,0
15/05/2013,0,0,0,0,0,0
16/05/2013,0,0,0,0,0,0
17/05/2013,0,0,0,0,0,0
18/05/2013,0,0,0,0,0,0
19/05/2013,0,0,0,0,0,0
20/05/2013,0,0,0,0,0,0
21/05/2013,0,0,0,0,0,0
22/05/2013,0,0,0,0,0,0
23/05/2013,0,0,0,0,0,0
24/05/2013,0,0,0,0,0,0
25/05/2013,0,0,0,0,0,0
26/05/2013,0,0,0,0,0,0
27/05/2013,Spring Bank Holiday,1,1,Summer Half-Term School Holiday,0,0
28/05/2013,0,0,1,Summer Half-Term School Holiday,0,0
29/05/2013,0,0,1,Summer Half-Term School Holiday,0,0
30/05/2013,0,0,1,Summer Half-Term School Holiday,0,0
31/05/2013,0,0,1,Summer Half-Term School Holiday,0,0
01/06/2013,0,0,1,Summer Half-Term School Holiday,0,0
02/06/2013,0,0,1,Summer Half-Term School Holiday,0,0
03/06/2013,0,0,0,0,0,0
04/06/2013,0,0,0,0,0,0
05/06/2013,0,0,0,0,0,0
06/06/2013,0,0,0,0,0,0
07/06/2013,0,0,0,0,0,0
08/06/2013,0,0,0,0,0,0
09/06/2013,0,0,0,0,0,0
10/06/2013,0,0,0,0,0,0
11/06/2013,0,0,0,0,0,0
12/06/2013,0,0,0,0,0,0
13/06/2013,0,0,0,0,0,0
14/06/2013,0,0,0,0,0,0
15/06/2013,0,0,0,0,0,0
16/06/2013,0,0,0,0,1,Father's Day
17/06/2013,0,0,0,0,0,0
18/06/2013,0,0,0,0,0,0
19/06/2013,0,0,0,0,0,0
20/06/2013,0,0,0,0,0,0
21/06/2013,0,0,0,0,0,0
22/06/2013,0,0,0,0,0,0
23/06/2013,0,0,0,0,0,0
24/06/2013,0,0,0,0,0,0
25/06/2013,0,0,0,0,0,0
26/06/2013,0,0,0,0,0,0
27/06/2013,0,0,0,0,0,0
28/06/2013,0,0,0,0,0,0
29/06/2013,0,0,0,0,0,0
30/06/2013,0,0,0,0,0,0
01/07/2013,0,0,0,0,0,0
02/07/2013,0,0,0,0,0,0
03/07/2013,0,0,0,0,0,0
04/07/2013,0,0,0,0,0,0
05/07/2013,0,0,0,0,0,0
06/07/2013,0,0,0,0,0,0
07/07/2013,0,0,0,0,0,0
08/07/2013,0,0,0,0,0,0
09/07/2013,0,0,0,0,0,0
10/07/2013,0,0,0,0,0,0
11/07/2013,0,0,0,0,0,0
12/07/2013,0,0,0,0,0,0
13/07/2013,0,0,0,0,0,0
14/07/2013,0,0,0,0,0,0
15/07/2013,0,0,0,0,0,0
16/07/2013,0,0,0,0,0,0
17/07/2013,0,0,0,0,0,0
18/07/2013,0,0,0,0,0,0
19/07/2013,0,0,0,0,0,0
20/07/2013,0,0,0,0,0,0
21/07/2013,0,0,0,0,0,0
22/07/2013,0,0,0,0,0,0
23/07/2013,0,0,0,0,0,0
24/07/2013,0,0,1,Summer School Holiday,0,0
25/07/2013,0,0,1,Summer School Holiday,0,0
26/07/2013,0,0,1,Summer School Holiday,0,0
27/07/2013,0,0,1,Summer School Holiday,0,0
28/07/2013,0,0,1,Summer School Holiday,0,0
29/07/2013,0,0,1,Summer School Holiday,0,0
30/07/2013,0,0,1,Summer School Holiday,0,0
31/07/2013,0,0,1,Summer School Holiday,0,0
01/08/2013,0,0,1,Summer School Holiday,0,0
02/08/2013,0,0,1,Summer School Holiday,0,0
03/08/2013,0,0,1,Summer School Holiday,0,0
04/08/2013,0,0,1,Summer School Holiday,0,0
05/08/2013,0,0,1,Summer School Holiday,0,0
06/08/2013,0,0,1,Summer School Holiday,0,0
07/08/2013,0,0,1,Summer School Holiday,1,Eid Al-Fitr
08/08/2013,0,0,1,Summer School Holiday,0,0
09/08/2013,0,0,1,Summer School Holiday,0,0
10/08/2013,0,0,1,Summer School Holiday,0,0
11/08/2013,0,0,1,Summer School Holiday,0,0
12/08/2013,0,0,1,Summer School Holiday,0,0
13/08/2013,0,0,1,Summer School Holiday,0,0
14/08/2013,0,0,1,Summer School Holiday,0,0
15/08/2013,0,0,1,Summer School Holiday,0,0
16/08/2013,0,0,1,Summer School Holiday,0,0
17/08/2013,0,0,1,Summer School Holiday,0,0
18/08/2013,0,0,1,Summer School Holiday,0,0
19/08/2013,0,0,1,Summer School Holiday,0,0
20/08/2013,0,0,1,Summer School Holiday,0,0
21/08/2013,0,0,1,Summer School Holiday,0,0
22/08/2013,0,0,1,Summer School Holiday,0,0
23/08/2013,0,0,1,Summer School Holiday,0,0
24/08/2013,0,0,1,Summer School Holiday,0,0
25/08/2013,0,0,1,Summer School Holiday,0,0
26/08/2013,August Bank Holiday,1,1,Summer School Holiday,0,0
27/08/2013,0,0,1,Summer School Holiday,0,0
28/08/2013,0,0,1,Summer School Holiday,0,0
29/08/2013,0,0,1,Summer School Holiday,0,0
30/08/2013,0,0,1,Summer School Holiday,0,0
31/08/2013,0,0,1,Summer School Holiday,0,0
01/09/2013,0,0,1,Summer School Holiday,0,0
02/09/2013,0,0,0,0,0,0
03/09/2013,0,0,0,0,0,0
04/09/2013,0,0,0,0,0,0
05/09/2013,0,0,0,0,0,0
06/09/2013,0,0,0,0,0,0
07/09/2013,0,0,0,0,0,0
08/09/2013,0,0,0,0,0,0
09/09/2013,0,0,0,0,0,0
10/09/2013,0,0,0,0,0,0
11/09/2013,0,0,0,0,0,0
12/09/2013,0,0,0,0,0,0
13/09/2013,0,0,0,0,0,0
14/09/2013,0,0,0,0,0,0
15/09/2013,0,0,0,0,0,0
16/09/2013,0,0,0,0,0,0
17/09/2013,0,0,0,0,0,0
18/09/2013,0,0,0,0,0,0
19/09/2013,0,0,0,0,0,0
20/09/2013,0,0,0,0,0,0
21/09/2013,0,0,0,0,0,0
22/09/2013,0,0,0,0,0,0
23/09/2013,0,0,0,0,0,0
24/09/2013,0,0,0,0,0,0
25/09/2013,0,0,0,0,0,0
26/09/2013,0,0,0,0,0,0
27/09/2013,0,0,0,0,0,0
28/09/2013,0,0,0,0,0,0
29/09/2013,0,0,0,0,0,0
30/09/2013,0,0,0,0,0,0
01/10/2013,0,0,0,0,0,0
02/10/2013,0,0,0,0,0,0
03/10/2013,0,0,0,0,0,0
04/10/2013,0,0,0,0,0,0
05/10/2013,0,0,0,0,0,0
06/10/2013,0,0,0,0,0,0
07/10/2013,0,0,0,0,0,0
08/10/2013,0,0,0,0,0,0
09/10/2013,0,0,0,0,0,0
10/10/2013,0,0,0,0,0,0
11/10/2013,0,0,0,0,0,0
12/10/2013,0,0,0,0,0,0
13/10/2013,0,0,0,0,0,0
14/10/2013,0,0,0,0,1,Eid Al-Adha
15/10/2013,0,0,0,0,0,0
16/10/2013,0,0,0,0,0,0
17/10/2013,0,0,0,0,0,0
18/10/2013,0,0,0,0,0,0
19/10/2013,0,0,0,0,0,0
20/10/2013,0,0,0,0,0,0
21/10/2013,0,0,0,0,0,0
22/10/2013,0,0,0,0,0,0
23/10/2013,0,0,0,0,0,0
24/10/2013,0,0,0,0,0,0
25/10/2013,0,0,0,0,0,0
26/10/2013,0,0,0,0,0,0
27/10/2013,0,0,0,0,0,0
28/10/2013,0,0,1,Autumn Half-Term School Holiday,0,0
29/10/2013,0,0,1,Autumn Half-Term School Holiday,0,0
30/10/2013,0,0,1,Autumn Half-Term School Holiday,0,0
31/10/2013,0,0,1,Autumn Half-Term School Holiday,1,Halloween Day
01/11/2013,0,0,1,Autumn Half-Term School Holiday,0,0
02/11/2013,0,0,1,Autumn Half-Term School Holiday,0,0
03/11/2013,0,0,1,Autumn Half-Term School Holiday,0,0
04/11/2013,0,0,0,0,0,0
05/11/2013,0,0,0,0,1,Guy Fawkes Night
06/11/2013,0,0,0,0,0,0
07/11/2013,0,0,0,0,0,0
08/11/2013,0,0,0,0,0,0
09/11/2013,0,0,0,0,0,0
10/11/2013,0,0,0,0,1,Remembrance Sunday
11/11/2013,0,0,0,0,0,0
12/11/2013,0,0,0,0,0,0
13/11/2013,0,0,0,0,0,0
14/11/2013,0,0,0,0,0,0
15/11/2013,0,0,0,0,0,0
16/11/2013,0,0,0,0,0,0
17/11/2013,0,0,0,0,0,0
18/11/2013,0,0,0,0,0,0
19/11/2013,0,0,0,0,0,0
20/11/2013,0,0,0,0,0,0
21/11/2013,0,0,0,0,0,0
22/11/2013,0,0,0,0,0,0
23/11/2013,0,0,0,0,0,0
24/11/2013,0,0,0,0,0,0
25/11/2013,0,0,0,0,0,0
26/11/2013,0,0,0,0,0,0
27/11/2013,0,0,0,0,0,0
28/11/2013,0,0,0,0,0,0
29/11/2013,0,0,0,0,1,Black Friday
30/11/2013,0,0,0,0,0,0
01/12/2013,0,0,0,0,0,0
02/12/2013,0,0,0,0,0,0
03/12/2013,0,0,0,0,0,0
04/12/2013,0,0,0,0,0,0
05/12/2013,0,0,0,0,0,0
06/12/2013,0,0,0,0,0,0
07/12/2013,0,0,0,0,0,0
08/12/2013,0,0,0,0,0,0
09/12/2013,0,0,0,0,0,0
10/12/2013,0,0,0,0,0,0
11/12/2013,0,0,0,0,0,0
12/12/2013,0,0,0,0,0,0
13/12/2013,0,0,0,0,0,0
14/12/2013,0,0,0,0,0,0
15/12/2013,0,0,0,0,0,0
16/12/2013,0,0,0,0,0,0
17/12/2013,0,0,0,0,0,0
18/12/2013,0,0,0,0,0,0
19/12/2013,0,0,0,0,0,0
20/12/2013,0,0,0,0,0,0
21/12/2013,0,0,0,0,0,0
22/12/2013,0,0,0,0,0,0
23/12/2013,0,0,1,Winter School Holiday,0,0
24/12/2013,0,0,1,Winter School Holiday,0,0
25/12/2013,Christmas Day,1,1,Winter School Holiday,0,0
26/12/2013,Boxing Day,1,1,Winter School Holiday,0,0
27/12/2013,0,0,1,Winter School Holiday,0,0
28/12/2013,0,0,1,Winter School Holiday,0,0
29/12/2013,0,0,1,Winter School Holiday,0,0
30/12/2013,0,0,1,Winter School Holiday,0,0
31/12/2013,0,0,1,Winter School Holiday,0,0
01/01/2014,New Years Day,1,1,Winter School Holiday,0,0
02/01/2014,0,0,1,Winter School Holiday,0,0
03/01/2014,0,0,1,Winter School Holiday,0,0
04/01/2014,0,0,1,Winter School Holiday,0,0
05/01/2014,0,0,1,Winter School Holiday,0,0
06/01/2014,0,0,0,0,0,0
07/01/2014,0,0,0,0,0,0
08/01/2014,0,0,0,0,0,0
09/01/2014,0,0,0,0,0,0
10/01/2014,0,0,0,0,0,0
11/01/2014,0,0,0,0,0,0
12/01/2014,0,0,0,0,0,0
13/01/2014,0,0,0,0,0,0
14/01/2014,0,0,0,0,0,0
15/01/2014,0,0,0,0,0,0
16/01/2014,0,0,0,0,0,0
17/01/2014,0,0,0,0,0,0
18/01/2014,0,0,0,0,0,0
19/01/2014,0,0,0,0,0,0
20/01/2014,0,0,0,0,0,0
21/01/2014,0,0,0,0,0,0
22/01/2014,0,0,0,0,0,0
23/01/2014,0,0,0,0,0,0
24/01/2014,0,0,0,0,0,0
25/01/2014,0,0,0,0,0,0
26/01/2014,0,0,0,0,0,0
27/01/2014,0,0,0,0,0,0
28/01/2014,0,0,0,0,0,0
29/01/2014,0,0,0,0,0,0
30/01/2014,0,0,0,0,0,0
31/01/2014,0,0,0,0,0,0
01/02/2014,0,0,0,0,0,0
02/02/2014,0,0,0,0,0,0
03/02/2014,0,0,0,0,0,0
04/02/2014,0,0,0,0,0,0
05/02/2014,0,0,0,0,0,0
06/02/2014,0,0,0,0,0,0
07/02/2014,0,0,0,0,0,0
08/02/2014,0,0,0,0,0,0
09/02/2014,0,0,0,0,0,0
10/02/2014,0,0,0,0,0,0
11/02/2014,0,0,0,0,0,0
12/02/2014,0,0,0,0,0,0
13/02/2014,0,0,0,0,0,0
14/02/2014,0,0,0,0,1,Valentines Day
15/02/2014,0,0,0,0,0,0
16/02/2014,0,0,0,0,0,0
17/02/2014,0,0,1,Spring Half-Term School Holiday,0,0
18/02/2014,0,0,1,Spring Half-Term School Holiday,0,0
19/02/2014,0,0,1,Spring Half-Term School Holiday,0,0
20/02/2014,0,0,1,Spring Half-Term School Holiday,0,0
21/02/2014,0,0,1,Spring Half-Term School Holiday,0,0
22/02/2014,0,0,1,Spring Half-Term School Holiday,0,0
23/02/2014,0,0,1,Spring Half-Term School Holiday,0,0
24/02/2014,0,0,0,0,0,0
25/02/2014,0,0,0,0,0,0
26/02/2014,0,0,0,0,0,0
27/02/2014,0,0,0,0,0,0
28/02/2014,0,0,0,0,0,0
01/03/2014,0,0,0,0,1,St Davids Day
02/03/2014,0,0,0,0,0,0
03/03/2014,0,0,0,0,0,0
04/03/2014,0,0,0,0,1,Pancake
05/03/2014,0,0,0,0,0,0
06/03/2014,0,0,0,0,0,0
07/03/2014,0,0,0,0,0,0
08/03/2014,0,0,0,0,0,0
09/03/2014,0,0,0,0,0,0
10/03/2014,0,0,0,0,0,0
11/03/2014,0,0,0,0,0,0
12/03/2014,0,0,0,0,0,0
13/03/2014,0,0,0,0,0,0
14/03/2014,0,0,0,0,0,0
15/03/2014,0,0,0,0,0,0
16/03/2014,0,0,0,0,0,0
17/03/2014,0,0,0,0,1,St Patricks Day
18/03/2014,0,0,0,0,0,0
19/03/2014,0,0,0,0,0,0
20/03/2014,0,0,0,0,0,0
21/03/2014,0,0,0,0,0,0
22/03/2014,0,0,0,0,0,0
23/03/2014,0,0,0,0,0,0
24/03/2014,0,0,0,0,0,0
25/03/2014,0,0,0,0,0,0
26/03/2014,0,0,0,0,0,0
27/03/2014,0,0,0,0,0,0
28/03/2014,0,0,0,0,0,0
29/03/2014,0,0,0,0,0,0
30/03/2014,0,0,0,0,1,Mothering Sunday
31/03/2014,0,0,0,0,0,0
01/04/2014,0,0,0,0,0,0
02/04/2014,0,0,0,0,0,0
03/04/2014,0,0,0,0,0,0
04/04/2014,0,0,0,0,0,0
05/04/2014,0,0,0,0,0,0
06/04/2014,0,0,0,0,0,0
07/04/2014,0,0,1,Spring School Holiday,0,0
08/04/2014,0,0,1,Spring School Holiday,0,0
09/04/2014,0,0,1,Spring School Holiday,0,0
10/04/2014,0,0,1,Spring School Holiday,0,0
11/04/2014,0,0,1,Spring School Holiday,0,0
12/04/2014,0,0,1,Spring School Holiday,0,0
13/04/2014,0,0,1,Spring School Holiday,0,0
14/04/2014,0,0,1,Spring School Holiday,0,0
15/04/2014,0,0,1,Spring School Holiday,0,0
16/04/2014,0,0,1,Spring School Holiday,0,0
17/04/2014,0,0,1,Spring School Holiday,0,0
18/04/2014,Good Friday,1,1,Spring School Holiday,0,0
19/04/2014,Holy Saturday,1,1,Spring School Holiday,0,0
20/04/2014,Easter Sunday,1,1,Spring School Holiday,0,0
21/04/2014,Easter Monday,1,1,Spring School Holiday,0,0
22/04/2014,0,0,0,0,0,0
23/04/2014,0,0,0,0,0,0
24/04/2014,0,0,0,0,0,0
25/04/2014,0,0,0,0,0,0
26/04/2014,0,0,0,0,0,0
27/04/2014,0,0,0,0,0,0
28/04/2014,0,0,0,0,0,0
29/04/2014,0,0,0,0,0,0
30/04/2014,0,0,0,0,0,0
01/05/2014,0,0,0,0,0,0
02/05/2014,0,0,0,0,0,0
03/05/2014,0,0,0,0,0,0
04/05/2014,0,0,0,0,0,0
05/05/2014,Early May Bank Holiday,1,0,0,0,0
06/05/2014,0,0,0,0,0,0
07/05/2014,0,0,0,0,0,0
08/05/2014,0,0,0,0,0,0
09/05/2014,0,0,0,0,0,0
10/05/2014,0,0,0,0,0,0
11/05/2014,0,0,0,0,0,0
12/05/2014,0,0,0,0,0,0
13/05/2014,0,0,0,0,0,0
14/05/2014,0,0,0,0,0,0
15/05/2014,0,0,0,0,0,0
16/05/2014,0,0,0,0,0,0
17/05/2014,0,0,0,0,0,0
18/05/2014,0,0,0,0,0,0
19/05/2014,0,0,0,0,0,0
20/05/2014,0,0,0,0,0,0
21/05/2014,0,0,0,0,0,0
22/05/2014,0,0,0,0,0,0
23/05/2014,0,0,0,0,0,0
24/05/2014,0,0,0,0,0,0
25/05/2014,0,0,0,0,0,0
26/05/2014,Spring Bank Holiday,1,0,0,0,0
27/05/2014,0,0,1,Summer Half-Term School Holiday,0,0
28/05/2014,0,0,1,Summer Half-Term School Holiday,0,0
29/05/2014,0,0,1,Summer Half-Term School Holiday,0,0
30/05/2014,0,0,1,Summer Half-Term School Holiday,0,0
31/05/2014,0,0,1,Summer Half-Term School Holiday,0,0
01/06/2014,0,0,1,Summer Half-Term School Holiday,0,0
02/06/2014,0,0,0,0,0,0
03/06/2014,0,0,0,0,0,0
04/06/2014,0,0,0,0,0,0
05/06/2014,0,0,0,0,0,0
06/06/2014,0,0,0,0,0,0
07/06/2014,0,0,0,0,0,0
08/06/2014,0,0,0,0,0,0
09/06/2014,0,0,0,0,0,0
10/06/2014,0,0,0,0,0,0
11/06/2014,0,0,0,0,0,0
12/06/2014,0,0,0,0,0,0
13/06/2014,0,0,0,0,0,0
14/06/2014,0,0,0,0,0,0
15/06/2014,0,0,0,0,1,Father's Day
16/06/2014,0,0,0,0,0,0
17/06/2014,0,0,0,0,0,0
18/06/2014,0,0,0,0,0,0
19/06/2014,0,0,0,0,0,0
20/06/2014,0,0,0,0,0,0
21/06/2014,0,0,0,0,0,0
22/06/2014,0,0,0,0,0,0
23/06/2014,0,0,0,0,0,0
24/06/2014,0,0,0,0,0,0
25/06/2014,0,0,0,0,0,0
26/06/2014,0,0,0,0,0,0
27/06/2014,0,0,0,0,0,0
28/06/2014,0,0,0,0,0,0
29/06/2014,0,0,0,0,0,0
30/06/2014,0,0,0,0,0,0
01/07/2014,0,0,0,0,0,0
02/07/2014,0,0,0,0,0,0
03/07/2014,0,0,0,0,0,0
04/07/2014,0,0,0,0,0,0
05/07/2014,0,0,0,0,0,0
06/07/2014,0,0,0,0,0,0
07/07/2014,0,0,0,0,0,0
08/07/2014,0,0,0,0,0,0
09/07/2014,0,0,0,0,0,0
10/07/2014,0,0,0,0,0,0
11/07/2014,0,0,0,0,0,0
12/07/2014,0,0,0,0,0,0
13/07/2014,0,0,0,0,0,0
14/07/2014,0,0,0,0,0,0
15/07/2014,0,0,0,0,0,0
16/07/2014,0,0,0,0,0,0
17/07/2014,0,0,0,0,0,0
18/07/2014,0,0,0,0,0,0
19/07/2014,0,0,0,0,0,0
20/07/2014,0,0,0,0,0,0
21/07/2014,0,0,0,0,0,0
22/07/2014,0,0,1,Summer School Holiday,0,0
23/07/2014,0,0,1,Summer School Holiday,0,0
24/07/2014,0,0,1,Summer School Holiday,0,0
25/07/2014,0,0,1,Summer School Holiday,0,0
26/07/2014,0,0,1,Summer School Holiday,0,0
27/07/2014,0,0,1,Summer School Holiday,0,0
28/07/2014,0,0,1,Summer School Holiday,1,Eid Al-Fitr
29/07/2014,0,0,1,Summer School Holiday,0,0
30/07/2014,0,0,1,Summer School Holiday,0,0
31/07/2014,0,0,1,Summer School Holiday,0,0
01/08/2014,0,0,1,Summer School Holiday,0,0
02/08/2014,0,0,1,Summer School Holiday,0,0
03/08/2014,0,0,1,Summer School Holiday,0,0
04/08/2014,0,0,1,Summer School Holiday,0,0
05/08/2014,0,0,1,Summer School Holiday,0,0
06/08/2014,0,0,1,Summer School Holiday,0,0
07/08/2014,0,0,1,Summer School Holiday,0,0
08/08/2014,0,0,1,Summer School Holiday,0,0
09/08/2014,0,0,1,Summer School Holiday,0,0
10/08/2014,0,0,1,Summer School Holiday,0,0
11/08/2014,0,0,1,Summer School Holiday,0,0
12/08/2014,0,0,1,Summer School Holiday,0,0
13/08/2014,0,0,1,Summer School Holiday,0,0
14/08/2014,0,0,1,Summer School Holiday,0,0
15/08/2014,0,0,1,Summer School Holiday,0,0
16/08/2014,0,0,1,Summer School Holiday,0,0
17/08/2014,0,0,1,Summer School Holiday,0,0
18/08/2014,0,0,1,Summer School Holiday,0,0
19/08/2014,0,0,1,Summer School Holiday,0,0
20/08/2014,0,0,1,Summer School Holiday,0,0
21/08/2014,0,0,1,Summer School Holiday,0,0
22/08/2014,0,0,1,Summer School Holiday,0,0
23/08/2014,0,0,1,Summer School Holiday,0,0
24/08/2014,0,0,1,Summer School Holiday,0,0
25/08/2014,August Bank Holiday,1,1,Summer School Holiday,0,0
26/08/2014,0,0,1,Summer School Holiday,0,0
27/08/2014,0,0,1,Summer School Holiday,0,0
28/08/2014,0,0,1,Summer School Holiday,0,0
29/08/2014,0,0,1,Summer School Holiday,0,0
30/08/2014,0,0,1,Summer School Holiday,0,0
31/08/2014,0,0,1,Summer School Holiday,0,0
01/09/2014,0,0,0,0,0,0
02/09/2014,0,0,0,0,0,0
03/09/2014,0,0,0,0,0,0
04/09/2014,0,0,0,0,0,0
05/09/2014,0,0,0,0,0,0
06/09/2014,0,0,0,0,0,0
07/09/2014,0,0,0,0,0,0
08/09/2014,0,0,0,0,0,0
09/09/2014,0,0,0,0,0,0
10/09/2014,0,0,0,0,0,0
11/09/2014,0,0,0,0,0,0
12/09/2014,0,0,0,0,0,0
13/09/2014,0,0,0,0,0,0
14/09/2014,0,0,0,0,0,0
15/09/2014,0,0,0,0,0,0
16/09/2014,0,0,0,0,0,0
17/09/2014,0,0,0,0,0,0
18/09/2014,0,0,0,0,0,0
19/09/2014,0,0,0,0,0,0
20/09/2014,0,0,0,0,0,0
21/09/2014,0,0,0,0,0,0
22/09/2014,0,0,0,0,0,0
23/09/2014,0,0,0,0,0,0
24/09/2014,0,0,0,0,0,0
25/09/2014,0,0,0,0,0,0
26/09/2014,0,0,0,0,0,0
27/09/2014,0,0,0,0,0,0
28/09/2014,0,0,0,0,0,0
29/09/2014,0,0,0,0,0,0
30/09/2014,0,0,0,0,0,0
01/10/2014,0,0,0,0,0,0
02/10/2014,0,0,0,0,0,0
03/10/2014,0,0,0,0,0,0
04/10/2014,0,0,0,0,1,Eid Al-Adha
05/10/2014,0,0,0,0,0,0
06/10/2014,0,0,0,0,0,0
07/10/2014,0,0,0,0,0,0
08/10/2014,0,0,0,0,0,0
09/10/2014,0,0,0,0,0,0
10/10/2014,0,0,0,0,0,0
11/10/2014,0,0,0,0,0,0
12/10/2014,0,0,0,0,0,0
13/10/2014,0,0,0,0,0,0
14/10/2014,0,0,0,0,0,0
15/10/2014,0,0,0,0,0,0
16/10/2014,0,0,0,0,0,0
17/10/2014,0,0,0,0,0,0
18/10/2014,0,0,0,0,0,0
19/10/2014,0,0,0,0,0,0
20/10/2014,0,0,0,0,0,0
21/10/2014,0,0,0,0,0,0
22/10/2014,0,0,0,0,0,0
23/10/2014,0,0,0,0,0,0
24/10/2014,0,0,0,0,0,0
25/10/2014,0,0,0,0,0,0
26/10/2014,0,0,0,0,0,0
27/10/2014,0,0,1,Autumn Half-Term School Holiday,0,0
28/10/2014,0,0,1,Autumn Half-Term School Holiday,0,0
29/10/2014,0,0,1,Autumn Half-Term School Holiday,0,0
30/10/2014,0,0,1,Autumn Half-Term School Holiday,0,0
31/10/2014,0,0,1,Autumn Half-Term School Holiday,1,Halloween Day
01/11/2014,0,0,1,Autumn Half-Term School Holiday,0,0
02/11/2014,0,0,1,Autumn Half-Term School Holiday,0,0
03/11/2014,0,0,0,0,0,0
04/11/2014,0,0,0,0,0,0
05/11/2014,0,0,0,0,1,Guy Fawkes Night
06/11/2014,0,0,0,0,0,0
07/11/2014,0,0,0,0,0,0
08/11/2014,0,0,0,0,0,0
09/11/2014,0,0,0,0,1,Remembrance Sunday
10/11/2014,0,0,0,0,0,0
11/11/2014,0,0,0,0,0,0
12/11/2014,0,0,0,0,0,0
13/11/2014,0,0,0,0,0,0
14/11/2014,0,0,0,0,0,0
15/11/2014,0,0,0,0,0,0
16/11/2014,0,0,0,0,0,0
17/11/2014,0,0,0,0,0,0
18/11/2014,0,0,0,0,0,0
19/11/2014,0,0,0,0,0,0
20/11/2014,0,0,0,0,0,0
21/11/2014,0,0,0,0,0,0
22/11/2014,0,0,0,0,0,0
23/11/2014,0,0,0,0,0,0
24/11/2014,0,0,0,0,0,0
25/11/2014,0,0,0,0,0,0
26/11/2014,0,0,0,0,0,0
27/11/2014,0,0,0,0,0,0
28/11/2014,0,0,0,0,1,Black Friday
29/11/2014,0,0,0,0,0,0
30/11/2014,0,0,0,0,0,0
01/12/2014,0,0,0,0,0,0
02/12/2014,0,0,0,0,0,0
03/12/2014,0,0,0,0,0,0
04/12/2014,0,0,0,0,0,0
05/12/2014,0,0,0,0,0,0
06/12/2014,0,0,0,0,0,0
07/12/2014,0,0,0,0,0,0
08/12/2014,0,0,0,0,0,0
09/12/2014,0,0,0,0,0,0
10/12/2014,0,0,0,0,0,0
11/12/2014,0,0,0,0,0,0
12/12/2014,0,0,0,0,0,0
13/12/2014,0,0,0,0,0,0
14/12/2014,0,0,0,0,0,0
15/12/2014,0,0,0,0,0,0
16/12/2014,0,0,0,0,0,0
17/12/2014,0,0,0,0,0,0
18/12/2014,0,0,0,0,0,0
19/12/2014,0,0,0,0,0,0
20/12/2014,0,0,0,0,0,0
21/12/2014,0,0,0,0,0,0
22/12/2014,0,0,1,Winter School Holiday,0,0
23/12/2014,0,0,1,Winter School Holiday,0,0
24/12/2014,0,0,1,Winter School Holiday,0,0
25/12/2014,Christmas Day,1,1,Winter School Holiday,0,0
26/12/2014,Boxing Day,1,1,Winter School Holiday,0,0
27/12/2014,0,0,1,Winter School Holiday,0,0
28/12/2014,0,0,1,Winter School Holiday,0,0
29/12/2014,0,0,1,Winter School Holiday,0,0
30/12/2014,0,0,1,Winter School Holiday,0,0
31/12/2014,0,0,1,Winter School Holiday,0,0
01/01/2015,New Years Day,1,1,Winter School Holiday,0,0
02/01/2015,0,0,1,Winter School Holiday,0,0
03/01/2015,0,0,1,Winter School Holiday,0,0
04/01/2015,0,0,1,Winter School Holiday,0,0
05/01/2015,0,0,0,0,0,0
06/01/2015,0,0,0,0,0,0
07/01/2015,0,0,0,0,0,0
08/01/2015,0,0,0,0,0,0
09/01/2015,0,0,0,0,0,0
10/01/2015,0,0,0,0,0,0
11/01/2015,0,0,0,0,0,0
12/01/2015,0,0,0,0,0,0
13/01/2015,0,0,0,0,0,0
14/01/2015,0,0,0,0,0,0
15/01/2015,0,0,0,0,0,0
16/01/2015,0,0,0,0,0,0
17/01/2015,0,0,0,0,0,0
18/01/2015,0,0,0,0,0,0
19/01/2015,0,0,0,0,0,0
20/01/2015,0,0,0,0,0,0
21/01/2015,0,0,0,0,0,0
22/01/2015,0,0,0,0,0,0
23/01/2015,0,0,0,0,0,0
24/01/2015,0,0,0,0,0,0
25/01/2015,0,0,0,0,0,0
26/01/2015,0,0,0,0,0,0
27/01/2015,0,0,0,0,0,0
28/01/2015,0,0,0,0,0,0
29/01/2015,0,0,0,0,0,0
30/01/2015,0,0,0,0,0,0
31/01/2015,0,0,0,0,0,0
01/02/2015,0,0,0,0,0,0
02/02/2015,0,0,0,0,0,0
03/02/2015,0,0,0,0,0,0
04/02/2015,0,0,0,0,0,0
05/02/2015,0,0,0,0,0,0
06/02/2015,0,0,0,0,0,0
07/02/2015,0,0,0,0,0,0
08/02/2015,0,0,0,0,0,0
09/02/2015,0,0,0,0,0,0
10/02/2015,0,0,0,0,0,0
11/02/2015,0,0,0,0,0,0
12/02/2015,0,0,0,0,0,0
13/02/2015,0,0,0,0,0,0
14/02/2015,0,0,0,0,1,Valentines Day
15/02/2015,0,0,0,0,0,0
16/02/2015,0,0,1,Spring Half-Term School Holiday,0,0
17/02/2015,0,0,1,Spring Half-Term School Holiday,1,Pancake
18/02/2015,0,0,1,Spring Half-Term School Holiday,0,0
19/02/2015,0,0,1,Spring Half-Term School Holiday,0,0
20/02/2015,0,0,1,Spring Half-Term School Holiday,0,0
21/02/2015,0,0,1,Spring Half-Term School Holiday,0,0
22/02/2015,0,0,1,Spring Half-Term School Holiday,0,0
23/02/2015,0,0,0,0,0,0
24/02/2015,0,0,0,0,0,0
25/02/2015,0,0,0,0,0,0
26/02/2015,0,0,0,0,0,0
27/02/2015,0,0,0,0,0,0
28/02/2015,0,0,0,0,0,0
01/03/2015,0,0,0,0,1,St Davids Day
02/03/2015,0,0,0,0,0,0
03/03/2015,0,0,0,0,0,0
04/03/2015,0,0,0,0,0,0
05/03/2015,0,0,0,0,0,0
06/03/2015,0,0,0,0,0,0
07/03/2015,0,0,0,0,0,0
08/03/2015,0,0,0,0,0,0
09/03/2015,0,0,0,0,0,0
10/03/2015,0,0,0,0,0,0
11/03/2015,0,0,0,0,0,0
12/03/2015,0,0,0,0,0,0
13/03/2015,0,0,0,0,0,0
14/03/2015,0,0,0,0,0,0
15/03/2015,0,0,0,0,1,Mothering Sunday
16/03/2015,0,0,0,0,0,0
17/03/2015,0,0,0,0,1,St Patricks Day
18/03/2015,0,0,0,0,0,0
19/03/2015,0,0,0,0,0,0
20/03/2015,0,0,0,0,0,0
21/03/2015,0,0,0,0,0,0
22/03/2015,0,0,0,0,0,0
23/03/2015,0,0,0,0,0,0
24/03/2015,0,0,0,0,0,0
25/03/2015,0,0,0,0,0,0
26/03/2015,0,0,0,0,0,0
27/03/2015,0,0,0,0,0,0
28/03/2015,0,0,0,0,0,0
29/03/2015,0,0,0,0,0,0
30/03/2015,0,0,1,Spring School Holiday,0,0
31/03/2015,0,0,1,Spring School Holiday,0,0
01/04/2015,0,0,1,Spring School Holiday,0,0
02/04/2015,0,0,1,Spring School Holiday,0,0
03/04/2015,Good Friday,1,1,Spring School Holiday,0,0
04/04/2015,Holy Saturday,1,1,Spring School Holiday,0,0
05/04/2015,Easter Sunday,1,1,Spring School Holiday,0,0
06/04/2015,Easter Monday,1,1,Spring School Holiday,0,0
07/04/2015,0,0,1,Spring School Holiday,0,0
08/04/2015,0,0,1,Spring School Holiday,0,0
09/04/2015,0,0,1,Spring School Holiday,0,0
10/04/2015,0,0,1,Spring School Holiday,0,0
11/04/2015,0,0,1,Spring School Holiday,0,0
12/04/2015,0,0,0,0,0,0
13/04/2015,0,0,0,0,0,0
14/04/2015,0,0,0,0,0,0
15/04/2015,0,0,0,0,0,0
16/04/2015,0,0,0,0,0,0
17/04/2015,0,0,0,0,0,0
18/04/2015,0,0,0,0,0,0
19/04/2015,0,0,0,0,0,0
20/04/2015,0,0,0,0,0,0
21/04/2015,0,0,0,0,0,0
22/04/2015,0,0,0,0,0,0
23/04/2015,0,0,0,0,0,0
24/04/2015,0,0,0,0,0,0
25/04/2015,0,0,0,0,0,0
26/04/2015,0,0,0,0,0,0
27/04/2015,0,0,0,0,0,0
28/04/2015,0,0,0,0,0,0
29/04/2015,0,0,0,0,0,0
30/04/2015,0,0,0,0,0,0
01/05/2015,0,0,0,0,0,0
02/05/2015,0,0,0,0,0,0
03/05/2015,0,0,0,0,0,0
04/05/2015,Early May Bank Holiday,1,0,0,0,0
05/05/2015,0,0,0,0,0,0
06/05/2015,0,0,0,0,0,0
07/05/2015,0,0,0,0,0,0
08/05/2015,0,0,0,0,0,0
09/05/2015,0,0,0,0,0,0
10/05/2015,0,0,0,0,0,0
11/05/2015,0,0,0,0,0,0
12/05/2015,0,0,0,0,0,0
13/05/2015,0,0,0,0,0,0
14/05/2015,0,0,0,0,0,0
15/05/2015,0,0,0,0,0,0
16/05/2015,0,0,0,0,0,0
17/05/2015,0,0,0,0,0,0
18/05/2015,0,0,0,0,0,0
19/05/2015,0,0,0,0,0,0
20/05/2015,0,0,0,0,0,0
21/05/2015,0,0,0,0,0,0
22/05/2015,0,0,0,0,0,0
23/05/2015,0,0,0,0,0,0
24/05/2015,0,0,0,0,0,0
25/05/2015,Spring Bank Holiday,1,1,Summer Half-Term School Holiday,0,0
26/05/2015,0,0,1,Summer Half-Term School Holiday,0,0
27/05/2015,0,0,1,Summer Half-Term School Holiday,0,0
28/05/2015,0,0,1,Summer Half-Term School Holiday,0,0
29/05/2015,0,0,1,Summer Half-Term School Holiday,0,0
30/05/2015,0,0,1,Summer Half-Term School Holiday,0,0
31/05/2015,0,0,1,Summer Half-Term School Holiday,0,0
01/06/2015,0,0,0,0,0,0
02/06/2015,0,0,0,0,0,0
03/06/2015,0,0,0,0,0,0
04/06/2015,0,0,0,0,0,0
05/06/2015,0,0,0,0,0,0
06/06/2015,0,0,0,0,0,0
07/06/2015,0,0,0,0,0,0
08/06/2015,0,0,0,0,0,0
09/06/2015,0,0,0,0,0,0
10/06/2015,0,0,0,0,0,0
11/06/2015,0,0,0,0,0,0
12/06/2015,0,0,0,0,0,0
13/06/2015,0,0,0,0,0,0
14/06/2015,0,0,0,0,0,0
15/06/2015,0,0,0,0,0,0
16/06/2015,0,0,0,0,0,0
17/06/2015,0,0,0,0,0,0
18/06/2015,0,0,0,0,0,0
19/06/2015,0,0,0,0,0,0
20/06/2015,0,0,0,0,0,0
21/06/2015,0,0,0,0,1,Father's Day
22/06/2015,0,0,0,0,0,0
23/06/2015,0,0,0,0,0,0
24/06/2015,0,0,0,0,0,0
25/06/2015,0,0,0,0,0,0
26/06/2015,0,0,0,0,0,0
27/06/2015,0,0,0,0,0,0
28/06/2015,0,0,0,0,0,0
29/06/2015,0,0,0,0,0,0
30/06/2015,0,0,0,0,0,0
01/07/2015,0,0,0,0,0,0
02/07/2015,0,0,0,0,0,0
03/07/2015,0,0,0,0,0,0
04/07/2015,0,0,0,0,0,0
05/07/2015,0,0,0,0,0,0
06/07/2015,0,0,0,0,0,0
07/07/2015,0,0,0,0,0,0
08/07/2015,0,0,0,0,0,0
09/07/2015,0,0,0,0,0,0
10/07/2015,0,0,0,0,0,0
11/07/2015,0,0,0,0,0,0
12/07/2015,0,0,0,0,0,0
13/07/2015,0,0,0,0,0,0
14/07/2015,0,0,0,0,0,0
15/07/2015,0,0,0,0,0,0
16/07/2015,0,0,0,0,0,0
17/07/2015,0,0,0,0,1,Eid Al-Fitr
18/07/2015,0,0,0,0,0,0
19/07/2015,0,0,0,0,0,0
20/07/2015,0,0,0,0,0,0
21/07/2015,0,0,1,Summer School Holiday,0,0
22/07/2015,0,0,1,Summer School Holiday,0,0
23/07/2015,0,0,1,Summer School Holiday,0,0
24/07/2015,0,0,1,Summer School Holiday,0,0
25/07/2015,0,0,1,Summer School Holiday,0,0
26/07/2015,0,0,1,Summer School Holiday,0,0
27/07/2015,0,0,1,Summer School Holiday,0,0
28/07/2015,0,0,1,Summer School Holiday,0,0
29/07/2015,0,0,1,Summer School Holiday,0,0
30/07/2015,0,0,1,Summer School Holiday,0,0
31/07/2015,0,0,1,Summer School Holiday,0,0
01/08/2015,0,0,1,Summer School Holiday,0,0
02/08/2015,0,0,1,Summer School Holiday,0,0
03/08/2015,0,0,1,Summer School Holiday,0,0
04/08/2015,0,0,1,Summer School Holiday,0,0
05/08/2015,0,0,1,Summer School Holiday,0,0
06/08/2015,0,0,1,Summer School Holiday,0,0
07/08/2015,0,0,1,Summer School Holiday,0,0
08/08/2015,0,0,1,Summer School Holiday,0,0
09/08/2015,0,0,1,Summer School Holiday,0,0
10/08/2015,0,0,1,Summer School Holiday,0,0
11/08/2015,0,0,1,Summer School Holiday,0,0
12/08/2015,0,0,1,Summer School Holiday,0,0
13/08/2015,0,0,1,Summer School Holiday,0,0
14/08/2015,0,0,1,Summer School Holiday,0,0
15/08/2015,0,0,1,Summer School Holiday,0,0
16/08/2015,0,0,1,Summer School Holiday,0,0
17/08/2015,0,0,1,Summer School Holiday,0,0
18/08/2015,0,0,1,Summer School Holiday,0,0
19/08/2015,0,0,1,Summer School Holiday,0,0
20/08/2015,0,0,1,Summer School Holiday,0,0
21/08/2015,0,0,1,Summer School Holiday,0,0
22/08/2015,0,0,1,Summer School Holiday,0,0
23/08/2015,0,0,1,Summer School Holiday,0,0
24/08/2015,0,0,1,Summer School Holiday,0,0
25/08/2015,0,0,1,Summer School Holiday,0,0
26/08/2015,0,0,1,Summer School Holiday,0,0
27/08/2015,0,0,1,Summer School Holiday,0,0
28/08/2015,0,0,1,Summer School Holiday,0,0
29/08/2015,0,0,1,Summer School Holiday,0,0
30/08/2015,0,0,1,Summer School Holiday,0,0
31/08/2015,August Bank Holiday,1,1,Summer School Holiday,0,0
01/09/2015,0,0,0,0,0,0
02/09/2015,0,0,0,0,0,0
03/09/2015,0,0,0,0,0,0
04/09/2015,0,0,0,0,0,0
05/09/2015,0,0,0,0,0,0
06/09/2015,0,0,0,0,0,0
07/09/2015,0,0,0,0,0,0
08/09/2015,0,0,0,0,0,0
09/09/2015,0,0,0,0,0,0
10/09/2015,0,0,0,0,0,0
11/09/2015,0,0,0,0,0,0
12/09/2015,0,0,0,0,0,0
13/09/2015,0,0,0,0,0,0
14/09/2015,0,0,0,0,0,0
15/09/2015,0,0,0,0,0,0
16/09/2015,0,0,0,0,0,0
17/09/2015,0,0,0,0,0,0
18/09/2015,0,0,0,0,0,0
19/09/2015,0,0,0,0,0,0
20/09/2015,0,0,0,0,0,0
21/09/2015,0,0,0,0,0,0
22/09/2015,0,0,0,0,0,0
23/09/2015,0,0,0,0,1,Eid Al-Adha
24/09/2015,0,0,0,0,0,0
25/09/2015,0,0,0,0,0,0
26/09/2015,0,0,0,0,0,0
27/09/2015,0,0,0,0,0,0
28/09/2015,0,0,0,0,0,0
29/09/2015,0,0,0,0,0,0
30/09/2015,0,0,0,0,0,0
01/10/2015,0,0,0,0,0,0
02/10/2015,0,0,0,0,0,0
03/10/2015,0,0,0,0,0,0
04/10/2015,0,0,0,0,0,0
05/10/2015,0,0,0,0,0,0
06/10/2015,0,0,0,0,0,0
07/10/2015,0,0,0,0,0,0
08/10/2015,0,0,0,0,0,0
09/10/2015,0,0,0,0,0,0
10/10/2015,0,0,0,0,0,0
11/10/2015,0,0,0,0,0,0
12/10/2015,0,0,0,0,0,0
13/10/2015,0,0,0,0,0,0
14/10/2015,0,0,0,0,0,0
15/10/2015,0,0,0,0,0,0
16/10/2015,0,0,0,0,0,0
17/10/2015,0,0,0,0,0,0
18/10/2015,0,0,0,0,0,0
19/10/2015,0,0,0,0,0,0
20/10/2015,0,0,0,0,0,0
21/10/2015,0,0,0,0,0,0
22/10/2015,0,0,0,0,0,0
23/10/2015,0,0,0,0,0,0
24/10/2015,0,0,0,0,0,0
25/10/2015,0,0,0,0,0,0
26/10/2015,0,0,1,Autumn Half-Term School Holiday,0,0
27/10/2015,0,0,1,Autumn Half-Term School Holiday,0,0
28/10/2015,0,0,1,Autumn Half-Term School Holiday,0,0
29/10/2015,0,0,1,Autumn Half-Term School Holiday,0,0
30/10/2015,0,0,1,Autumn Half-Term School Holiday,0,0
31/10/2015,0,0,0,0,1,Halloween Day
01/11/2015,0,0,0,0,0,0
02/11/2015,0,0,0,0,0,0
03/11/2015,0,0,0,0,0,0
04/11/2015,0,0,0,0,0,0
05/11/2015,0,0,0,0,1,Guy Fawkes Night
06/11/2015,0,0,0,0,0,0
07/11/2015,0,0,0,0,0,0
08/11/2015,0,0,0,0,1,Remembrance Sunday
09/11/2015,0,0,0,0,0,0
10/11/2015,0,0,0,0,0,0
11/11/2015,0,0,0,0,0,0
12/11/2015,0,0,0,0,0,0
13/11/2015,0,0,0,0,0,0
14/11/2015,0,0,0,0,0,0
15/11/2015,0,0,0,0,0,0
16/11/2015,0,0,0,0,0,0
17/11/2015,0,0,0,0,0,0
18/11/2015,0,0,0,0,0,0
19/11/2015,0,0,0,0,0,0
20/11/2015,0,0,0,0,0,0
21/11/2015,0,0,0,0,0,0
22/11/2015,0,0,0,0,0,0
23/11/2015,0,0,0,0,0,0
24/11/2015,0,0,0,0,0,0
25/11/2015,0,0,0,0,0,0
26/11/2015,0,0,0,0,0,0
27/11/2015,0,0,0,0,1,Black Friday
28/11/2015,0,0,0,0,0,0
29/11/2015,0,0,0,0,0,0
30/11/2015,0,0,0,0,0,0
01/12/2015,0,0,0,0,0,0
02/12/2015,0,0,0,0,0,0
03/12/2015,0,0,0,0,0,0
04/12/2015,0,0,0,0,0,0
05/12/2015,0,0,0,0,0,0
06/12/2015,0,0,0,0,0,0
07/12/2015,0,0,0,0,0,0
08/12/2015,0,0,0,0,0,0
09/12/2015,0,0,0,0,0,0
10/12/2015,0,0,0,0,0,0
11/12/2015,0,0,0,0,0,0
12/12/2015,0,0,0,0,0,0
13/12/2015,0,0,0,0,0,0
14/12/2015,0,0,0,0,0,0
15/12/2015,0,0,0,0,0,0
16/12/2015,0,0,0,0,0,0
17/12/2015,0,0,0,0,0,0
18/12/2015,0,0,0,0,0,0
19/12/2015,0,0,0,0,0,0
20/12/2015,0,0,0,0,0,0
21/12/2015,0,0,1,Winter School Holiday,0,0
22/12/2015,0,0,1,Winter School Holiday,0,0
23/12/2015,0,0,1,Winter School Holiday,0,0
24/12/2015,0,0,1,Winter School Holiday,0,0
25/12/2015,Christmas Day,1,1,Winter School Holiday,0,0
26/12/2015,Boxing Day,1,1,Winter School Holiday,0,0
27/12/2015,0,0,1,Winter School Holiday,0,0
28/12/2015,subtitute for Boxing Day,1,1,Winter School Holiday,0,0
29/12/2015,0,0,1,Winter School Holiday,0,0
30/12/2015,0,0,1,Winter School Holiday,0,0
31/12/2015,0,0,1,Winter School Holiday,0,0
01/01/2016,New Years Day,1,1,Winter School Holiday,0,0
02/01/2016,0,0,1,Winter School Holiday,0,0
03/01/2016,0,0,1,Winter School Holiday,0,0
04/01/2016,0,0,0,0,0,0
05/01/2016,0,0,0,0,0,0
06/01/2016,0,0,0,0,0,0
07/01/2016,0,0,0,0,0,0
08/01/2016,0,0,0,0,0,0
09/01/2016,0,0,0,0,0,0
10/01/2016,0,0,0,0,0,0
11/01/2016,0,0,0,0,0,0
12/01/2016,0,0,0,0,0,0
13/01/2016,0,0,0,0,0,0
14/01/2016,0,0,0,0,0,0
15/01/2016,0,0,0,0,0,0
16/01/2016,0,0,0,0,0,0
17/01/2016,0,0,0,0,0,0
18/01/2016,0,0,0,0,0,0
19/01/2016,0,0,0,0,0,0
20/01/2016,0,0,0,0,0,0
21/01/2016,0,0,0,0,0,0
22/01/2016,0,0,0,0,0,0
23/01/2016,0,0,0,0,0,0
24/01/2016,0,0,0,0,0,0
25/01/2016,0,0,0,0,0,0
26/01/2016,0,0,0,0,0,0
27/01/2016,0,0,0,0,0,0
28/01/2016,0,0,0,0,0,0
29/01/2016,0,0,0,0,0,0
30/01/2016,0,0,0,0,0,0
31/01/2016,0,0,0,0,0,0
01/02/2016,0,0,0,0,0,0
02/02/2016,0,0,0,0,0,0
03/02/2016,0,0,0,0,0,0
04/02/2016,0,0,0,0,0,0
05/02/2016,0,0,0,0,0,0
06/02/2016,0,0,0,0,0,0
07/02/2016,0,0,0,0,0,0
08/02/2016,0,0,0,0,0,0
09/02/2016,0,0,0,0,1,Pancake
10/02/2016,0,0,0,0,0,0
11/02/2016,0,0,0,0,0,0
12/02/2016,0,0,0,0,0,0
13/02/2016,0,0,0,0,0,0
14/02/2016,0,0,0,0,1,Valentines Day
15/02/2016,0,0,1,Spring Half-Term School Holiday,0,0
16/02/2016,0,0,1,Spring Half-Term School Holiday,0,0
17/02/2016,0,0,1,Spring Half-Term School Holiday,0,0
18/02/2016,0,0,1,Spring Half-Term School Holiday,0,0
19/02/2016,0,0,1,Spring Half-Term School Holiday,0,0
20/02/2016,0,0,1,Spring Half-Term School Holiday,0,0
21/02/2016,0,0,1,Spring Half-Term School Holiday,0,0
22/02/2016,0,0,0,0,0,0
23/02/2016,0,0,0,0,0,0
24/02/2016,0,0,0,0,0,0
25/02/2016,0,0,0,0,0,0
26/02/2016,0,0,0,0,0,0
27/02/2016,0,0,0,0,0,0
28/02/2016,0,0,0,0,0,0
29/02/2016,0,0,0,0,0,0
01/03/2016,0,0,0,0,1,St Davids Day
02/03/2016,0,0,0,0,0,0
03/03/2016,0,0,0,0,0,0
04/03/2016,0,0,0,0,0,0
05/03/2016,0,0,0,0,0,0
06/03/2016,0,0,0,0,1,Mothering Sunday
07/03/2016,0,0,0,0,0,0
08/03/2016,0,0,0,0,0,0
09/03/2016,0,0,0,0,0,0
10/03/2016,0,0,0,0,0,0
11/03/2016,0,0,0,0,0,0
12/03/2016,0,0,0,0,0,0
13/03/2016,0,0,0,0,0,0
14/03/2016,0,0,0,0,0,0
15/03/2016,0,0,0,0,0,0
16/03/2016,0,0,0,0,0,0
17/03/2016,0,0,0,0,1,St Patricks Day
18/03/2016,0,0,0,0,0,0
19/03/2016,0,0,0,0,0,0
20/03/2016,0,0,0,0,0,0
21/03/2016,0,0,0,0,0,0
22/03/2016,0,0,0,0,0,0
23/03/2016,0,0,0,0,0,0
24/03/2016,0,0,0,0,0,0
25/03/2016,Good Friday,1,1,Spring School Holiday,0,0
26/03/2016,Holy Saturday,1,1,Spring School Holiday,0,0
27/03/2016,Easter Sunday,1,1,Spring School Holiday,0,0
28/03/2016,Easter Monday,1,1,Spring School Holiday,0,0
29/03/2016,0,0,1,Spring School Holiday,0,0
30/03/2016,0,0,1,Spring School Holiday,0,0
31/03/2016,0,0,1,Spring School Holiday,0,0
,,,,,,
,,,,,,
,,,,,,
,,,,,,
,,,,,,
,,,,,,
,,,,,,
,,,,,,
,,,,,,
,,,,,,
,,,,,,
,,,,,,
,,,,,,
,,,,,,
,,,,,,
,,,,,,
,,,,,,
,,,,,,
,,,,,,
,,,,,,
,,,,,,
,,,,,,
,,,,,,
,,,,,,
,,,,,,
,,,,,,
,,,,,,
,,,,,,
,,,,,,
,,,,,,
,,,,,,
,,,,,,
,,,,,,
,,,,,,
,,,,,,
,,,,,,
,,,,,,
,,,,,,
,,,,,,
,,,,,,
,,,,,,
,,,,,,
,,,,,,
,,,,,,
,,,,,,
,,,,,,
,,,,,,
,,,,,,
,,,,,,
,,,,,,
,,,,,,
,,,,,,
,,,,,,
,,,,,,
,,,,,,
,,,,,,
,,,,,,
,,,,,,
,,,,,,
,,,,,,
,,,,,,
,,,,,,
,,,,,,
,,,,,,
,,,,,,
,,,,,,
,,,,,,
,,,,,,
,,,,,,
,,,,,,
,,,,,,
,,,,,,
,,,,,,
,,,,,,
,,,,,,
,,,,,,
,,,,,,
,,,,,,
,,,,,,
,,,,,,
,,,,,,
,,,,,,
,,,,,,
,,,,,,
,,,,,,
,,,,,,
,,,,,,
,,,,,,
,,,,,,
,,,,,,
,,,,,,
,,,,,,
,,,,,,
,,,,,,
,,,,,,
,,,,,,
,,,,,,
,,,,,,
,,,,,,
,,,,,,
,,,,,,
,,,,,,
,,,,,,
,,,,,,
,,,,,,
,,,,,,
,,,,,,
,,,,,,
,,,,,,
,,,,,,
,,,,,,
,,,,,,
,,,,,,
,,,,,,
,,,,,,
,,,,,,
,,,,,,
,,,,,,
,,,,,,
,,,,,,
,,,,,,
,,,,,,
,,,,,,
,,,,,,
,,,,,,
,,,,,,
,,,,,,
,,,,,,
,,,,,,
,,,,,,
,,,,,,
,,,,,,
,,,,,,
,,,,,,
,,,,,,
,,,,,,
,,,,,,
,,,,,,
,,,,,,
,,,,,,
,,,,,,
,,,,,,
,,,,,,
,,,,,,
,,,,,,
,,,,,,
,,,,,,
,,,,,,
,,,,,,
,,,,,,
,,,,,,
,,,,,,
,,,,,,
,,,,,,
,,,,,,
,,,,,,
,,,,,,
,,,,,,
,,,,,,
,,,,,,
,,,,,,
,,,,,,
,,,,,,
,,,,,,
,,,,,,
,,,,,,
,,,,,,
,,,,,,
,,,,,,
,,,,,,
,,,,,,
,,,,,,
,,,,,,
,,,,,,
,,,,,,
,,,,,,
,,,,,,
,,,,,,
,,,,,,
,,,,,,
,,,,,,
,,,,,,
,,,,,,
,,,,,,
,,,,,,
,,,,,,
,,,,,,
,,,,,,
,,,,,,
,,,,,,
,,,,,,
,,,,,,
,,,,,,
,,,,,,
,,,,,,
,,,,,,
,,,,,,
,,,,,,
,,,,,,
,,,,,,
,,,,,,
,,,,,,
,,,,,,
,,,,,,
,,,,,,
,,,,,,
,,,,,,
,,,,,,
,,,,,,
,,,,,,
,,,,,,
,,,,,,
,,,,,,
,,,,,,
,,,,,,
,,,,,,
,,,,,,
,,,,,,
,,,,,,
,,,,,,
,,,,,,
,,,,,,
,,,,,,
,,,,,,
,,,,,,
,,,,,,
,,,,,,
,,,,,,
,,,,,,
,,,,,,
,,,,,,
,,,,,,
,,,,,,
,,,,,,
,,,,,,
,,,,,,
,,,,,,
,,,,,,
,,,,,,
,,,,,,
,,,,,,
,,,,,,
,,,,,,
,,,,,,
,,,,,,
,,,,,,
,,,,,,
,,,,,,
,,,,,,
,,,,,,
,,,,,,
,,,,,,
,,,,,,
,,,,,,
,,,,,,
,,,,,,
,,,,,,
,,,,,,
,,,,,,
,,,,,,
,,,,,,
,,,,,,
,,,,,,
,,,,,,
,,,,,,
,,,,,,
,,,,,,
,,,,,,
,,,,,,
,,,,,,
,,,,,,
,,,,,,
,,,,,,
,,,,,,
,,,,,,
,,,,,,
,,,,,,
,,,,,,
,,,,,,
,,,,,,
,,,,,,
,,,,,,
,,,,,,
,,,,,,
,,,,,,
,,,,,,
,,,,,,
,,,,,,
,,,,,,
,,,,,,
,,,,,,
,,,,,,
,,,,,,
,,,,,,
,,,,,,
,,,,,,
,,,,,,
,,,,,,
,,,,,,
,,,,,,
,,,,,,
,,,,,,
,,,,,,
,,,,,,
,,,,,,
,,,,,,
,,,,,,
,,,,,,
,,,,,,
,,,,,,
,,,,,,
,,,,,,
,,,,,,
,,,,,,
,,,,,,
,,,,,,
,,,,,,
,,,,,,
,,,,,,
,,,,,,
,,,,,,
,,,,,,
,,,,,,
,,,,,,
,,,,,,
,,,,,,
,,,,,,
,,,,,,
,,,,,,
,,,,,,
,,,,,,
,,,,,,
,,,,,,
,,,,,,
,,,,,,
,,,,,,
,,,,,,
,,,,,,
,,,,,,
,,,,,,
,,,,,,
,,,,,,
,,,,,,
,,,,,,
,,,,,,
,,,,,,
,,,,,,
,,,,,,
,,,,,,
,,,,,,
,,,,,,
,,,,,,
,,,,,,
,,,,,,
,,,,,,
,,,,,,
,,,,,,
,,,,,,
,,,,,,
,,,,,,
,,,,,,
,,,,,,
,,,,,,
,,,,,,
,,,,,,
,,,,,,
,,,,,,
,,,,,,
,,,,,,
,,,,,,
,,,,,,
,,,,,,
,,,,,,
,,,,,,
,,,,,,
,,,,,,
,,,,,,
,,,,,,
,,,,,,
,,,,,,
,,,,,,
,,,,,,
,,,,,,
,,,,,,
,,,,,,
,,,,,,
,,,,,,
,,,,,,
,,,,,,
,,,,,,
,,,,,,
,,,,,,
,,,,,,
,,,,,,
,,,,,,
,,,,,,
,,,,,,
,,,,,,
,,,,,,
,,,,,,
,,,,,,
,,,,,,
,,,,,,
,,,,,,
,,,,,,
,,,,,,
,,,,,,
,,,,,,
,,,,,,
,,,,,,
,,,,,,
,,,,,,
,,,,,,
,,,,,,
,,,,,,
,,,,,,
,,,,,,
,,,,,,
,,,,,,
,,,,,,
,,,,,,
,,,,,,
,,,,,,
,,,,,,
,,,,,,
,,,,,,
,,,,,,
,,,,,,
,,,,,,
,,,,,,
,,,,,,
,,,,,,
,,,,,,
,,,,,,
,,,,,,
,,,,,,
,,,,,,
,,,,,,
,,,,,,
,,,,,,
,,,,,,
,,,,,,
,,,,,,
,,,,,,
,,,,,,
,,,,,,
,,,,,,
,,,,,,
,,,,,,
,,,,,,
,,,,,,
,,,,,,
,,,,,,
,,,,,,
,,,,,,
,,,,,,
,,,,,,
,,,,,,
,,,,,,
,,,,,,
,,,,,,
,,,,,,
,,,,,,
,,,,,,
,,,,,,
,,,,,,
,,,,,,
,,,,,,
,,,,,,
,,,,,,
,,,,,,
,,,,,,
,,,,,,
,,,,,,
,,,,,,
,,,,,,
,,,,,,
,,,,,,
,,,,,,
,,,,,,
,,,,,,
,,,,,,
,,,,,,
,,,,,,
,,,,,,
,,,,,,
,,,,,,
,,,,,,
,,,,,,
,,,,,,
,,,,,,
,,,,,,
,,,,,,
,,,,,,
,,,,,,
,,,,,,
,,,,,,
,,,,,,
,,,,,,
,,,,,,
,,,,,,
,,,,,,
,,,,,,
,,,,,,
,,,,,,
,,,,,,
,,,,,,
,,,,,,
,,,,,,
,,,,,,
,,,,,,
,,,,,,
,,,,,,
,,,,,,
,,,,,,
,,,,,,
,,,,,,
,,,,,,
,,,,,,
,,,,,,
,,,,,,
,,,,,,
,,,,,,
,,,,,,
,,,,,,
,,,,,,
,,,,,,
,,,,,,
,,,,,,
,,,,,,
,,,,,,
,,,,,,
,,,,,,
,,,,,,
,,,,,,
,,,,,,
,,,,,,
,,,,,,
,,,,,,
,,,,,,
,,,,,,
,,,,,,
,,,,,,
,,,,,,
,,,,,,
,,,,,,
,,,,,,
,,,,,,
,,,,,,
,,,,,,
,,,,,,
,,,,,,
,,,,,,
,,,,,,
,,,,,,
,,,,,,
,,,,,,
,,,,,,
,,,,,,
,,,,,,
,,,,,,
,,,,,,
,,,,,,
,,,,,,
,,,,,,
,,,,,,
,,,,,,
,,,,,,
,,,,,,
,,,,,,
,,,,,,
,,,,,,
,,,,,,
,,,,,,
,,,,,,
,,,,,,
,,,,,,
,,,,,,
,,,,,,
,,,,,,
,,,,,,
,,,,,,
,,,,,,
,,,,,,
,,,,,,
,,,,,,
,,,,,,
,,,,,,
,,,,,,
,,,,,,
,,,,,,
,,,,,,
,,,,,,
,,,,,,
,,,,,,
,,,,,,
,,,,,,
,,,,,,
,,,,,,
,,,,,,
,,,,,,
,,,,,,
,,,,,,
,,,,,,
,,,,,,
,,,,,,
,,,,,,
,,,,,,
,,,,,,
,,,,,,
,,,,,,
,,,,,,
,,,,,,
,,,,,,
,,,,,,
,,,,,,
,,,,,,
,,,,,,
,,,,,,
,,,,,,
,,,,,,
,,,,,,
,,,,,,
,,,,,,
,,,,,,
,,,,,,
,,,,,,
,,,,,,
,,,,,,
,,,,,,
,,,,,,
,,,,,,
,,,,,,
,,,,,,
,,,,,,
,,,,,,
,,,,,,
,,,,,,
,,,,,,
,,,,,,
,,,,,,
,,,,,,
,,,,,,
,,,,,,
,,,,,,
,,,,,,
,,,,,,
,,,,,,
,,,,,,
,,,,,,
,,,,,,
,,,,,,
,,,,,,
,,,,,,
,,,,,,
,,,,,,
,,,,,,
,,,,,,
,,,,,,
,,,,,,
,,,,,,
,,,,,,
,,,,,,
,,,,,,
,,,,,,
,,,,,,
,,,,,,
,,,,,,
,,,,,,
,,,,,,
,,,,,,
,,,,,,
,,,,,,
,,,,,,
,,,,,,
,,,,,,
,,,,,,
,,,,,,
,,,,,,
,,,,,,
,,,,,,
,,,,,,
,,,,,,
,,,,,,
,,,,,,
,,,,,,
,,,,,,
,,,,,,
,,,,,,
,,,,,,
,,,,,,
,,,,,,
,,,,,,
,,,,,,
,,,,,,
,,,,,,
,,,,,,
,,,,,,
,,,,,,
,,,,,,
,,,,,,
,,,,,,
,,,,,,
,,,,,,
,,,,,,
,,,,,,
,,,,,,
,,,,,,
,,,,,,
,,,,,,
,,,,,,
,,,,,,
,,,,,,
,,,,,,
,,,,,,
,,,,,,
,,,,,,
,,,,,,
,,,,,,
,,,,,,
,,,,,,
,,,,,,
,,,,,,
,,,,,,
,,,,,,
,,,,,,
,,,,,,
,,,,,,
,,,,,,
,,,,,,
,,,,,,
,,,,,,
,,,,,,
,,,,,,
,,,,,,
,,,,,,
,,,,,,
,,,,,,
,,,,,,
,,,,,,
,,,,,,
,,,,,,
,,,,,,
,,,,,,
,,,,,,
,,,,,,
,,,,,,
,,,,,,
,,,,,,
,,,,,,
,,,,,,
,,,,,,
,,,,,,
,,,,,,
,,,,,,
,,,,,,
,,,,,,
,,,,,,
,,,,,,
,,,,,,
,,,,,,
,,,,,,
,,,,,,
,,,,,,
,,,,,,
,,,,,,
,,,,,,
,,,,,,
,,,,,,
,,,,,,
,,,,,,
,,,,,,
,,,,,,
,,,,,,
,,,,,,
,,,,,,
,,,,,,
,,,,,,
,,,,,,
,,,,,,
,,,,,,
,,,,,,
,,,,,,
,,,,,,
,,,,,,
,,,,,,
,,,,,,
,,,,,,
,,,,,,
,,,,,,
,,,,,,
,,,,,,
,,,,,,
,,,,,,
,,,,,,
,,,,,,
,,,,,,
,,,,,,
,,,,,,
,,,,,,
,,,,,,
,,,,,,
,,,,,,
,,,,,,
,,,,,,
,,,,,,
,,,,,,
,,,,,,
,,,,,,
,,,,,,
,,,,,,
,,,,,,
,,,,,,
,,,,,,
,,,,,,
,,,,,,
,,,,,,
,,,,,,
,,,,,,
,,,,,,
,,,,,,
,,,,,,
,,,,,,
,,,,,,
,,,,,,
,,,,,,
,,,,,,
,,,,,,
,,,,,,
,,,,,,
,,,,,,
,,,,,,
,,,,,,
,,,,,,
,,,,,,
,,,,,,
,,,,,,
,,,,,,
,,,,,,
,,,,,,
,,,,,,
,,,,,,
,,,,,,
,,,,,,
,,,,,,
,,,,,,
,,,,,,
,,,,,,
,,,,,,
,,,,,,
,,,,,,
,,,,,,
,,,,,,
,,,,,,
,,,,,,
,,,,,,
,,,,,,
,,,,,,
,,,,,,
,,,,,,
,,,,,,
,,,,,,
,,,,,,
,,,,,,
,,,,,,
,,,,,,
,,,,,,
,,,,,,
,,,,,,
,,,,,,
,,,,,,
,,,,,,
,,,,,,
,,,,,,
,,,,,,
,,,,,,
,,,,,,
,,,,,,
,,,,,,
,,,,,,
,,,,,,
,,,,,,
,,,,,,
,,,,,,
,,,,,,
,,,,,,
,,,,,,
,,,,,,
,,,,,,
,,,,,,
,,,,,,
,,,,,,
,,,,,,
,,,,,,
,,,,,,
,,,,,,
,,,,,,
,,,,,,
,,,,,,
,,,,,,
,,,,,,
,,,,,,
,,,,,,
,,,,,,
,,,,,,
,,,,,,
,,,,,,
,,,,,,
,,,,,,
,,,,,,
,,,,,,
,,,,,,
,,,,,,
,,,,,,
,,,,,,
,,,,,,
,,,,,,
,,,,,,
,,,,,,
,,,,,,
,,,,,,
,,,,,,
,,,,,,
,,,,,,
,,,,,,
,,,,,,
,,,,,,
,,,,,,
,,,,,,
,,,,,,
,,,,,,
,,,,,,
,,,,,,
,,,,,,
,,,,,,
,,,,,,
,,,,,,
,,,,,,
,,,,,,
,,,,,,
,,,,,,
,,,,,,
,,,,,,
,,,,,,
,,,,,,
,,,,,,
,,,,,,
,,,,,,
,,,,,,
,,,,,,
,,,,,,
,,,,,,
,,,,,,
,,,,,,
,,,,,,
,,,,,,
,,,,,,
,,,,,,
,,,,,,
,,,,,,
,,,,,,
,,,,,,
,,,,,,
,,,,,,
,,,,,,
,,,,,,
,,,,,,
,,,,,,
,,,,,,
,,,,,,
,,,,,,
,,,,,,
,,,,,,
,,,,,,
,,,,,,
,,,,,,
,,,,,,
,,,,,,
,,,,,,
,,,,,,
,,,,,,
,,,,,,
,,,,,,
,,,,,,
,,,,,,
,,,,,,
,,,,,,
,,,,,,
,,,,,,
,,,,,,
,,,,,,
,,,,,,
,,,,,,
,,,,,,
,,,,,,
,,,,,,
,,,,,,
,,,,,,
,,,,,,
,,,,,,
,,,,,,
,,,,,,
,,,,,,
,,,,,,
,,,,,,
,,,,,,
,,,,,,
,,,,,,
,,,,,,
,,,,,,
,,,,,,
,,,,,,
,,,,,,
,,,,,,
,,,,,,
,,,,,,
,,,,,,
,,,,,,
,,,,,,
,,,,,,
,,,,,,
,,,,,,
,,,,,,
,,,,,,
,,,,,,
,,,,,,
,,,,,,
,,,,,,
,,,,,,
,,,,,,
,,,,,,
,,,,,,
,,,,,,
,,,,,,
,,,,,,
,,,,,,
,,,,,,
,,,,,,
,,,,,,
,,,,,,
,,,,,,
,,,,,,
,,,,,,
,,,,,,
,,,,,,
,,,,,,
,,,,,,
,,,,,,
,,,,,,
,,,,,,
,,,,,,
,,,,,,
,,,,,,
,,,,,,
,,,,,,
,,,,,,
,,,,,,
,,,,,,
,,,,,,
,,,,,,
,,,,,,
,,,,,,
,,,,,,
,,,,,,
,,,,,,
,,,,,,
,,,,,,
,,,,,,
,,,,,,
,,,,,,
,,,,,,
,,,,,,
,,,,,,
,,,,,,
,,,,,,
,,,,,,
,,,,,,
,,,,,,
,,,,,,
,,,,,,
,,,,,,
,,,,,,
,,,,,,
,,,,,,
,,,,,,
,,,,,,
,,,,,,
,,,,,,
,,,,,,
,,,,,,
,,,,,,
,,,,,,
,,,,,,
,,,,,,
,,,,,,
,,,,,,
,,,,,,
,,,,,,
,,,,,,
,,,,,,
,,,,,,
,,,,,,
,,,,,,
,,,,,,
,,,,,,
,,,,,,
,,,,,,
,,,,,,
,,,,,,
,,,,,,
,,,,,,
,,,,,,
,,,,,,
,,,,,,
,,,,,,
,,,,,,
,,,,,,
,,,,,,
,,,,,,
,,,,,,
,,,,,,
,,,,,,
,,,,,,
,,,,,,
,,,,,,
,,,,,,
,,,,,,
,,,,,,
,,,,,,
,,,,,,
,,,,,,
,,,,,,
,,,,,,
,,,,,,
,,,,,,
,,,,,,
,,,,,,
,,,,,,
,,,,,,
,,,,,,
,,,,,,
,,,,,,
,,,,,,
,,,,,,
,,,,,,
,,,,,,
,,,,,,
,,,,,,
,,,,,,
,,,,,,
,,,,,,
,,,,,,
,,,,,,
,,,,,,
,,,,,,
,,,,,,
,,,,,,
,,,,,,
,,,,,,
,,,,,,
,,,,,,
,,,,,,
,,,,,,
,,,,,,
,,,,,,
,,,,,,
,,,,,,
,,,,,,
,,,,,,
,,,,,,
,,,,,,
,,,,,,
,,,,,,
,,,,,,
,,,,,,
,,,,,,
,,,,,,
,,,,,,
,,,,,,
,,,,,,
,,,,,,
,,,,,,
,,,,,,
,,,,,,
,,,,,,
,,,,,,
,,,,,,
,,,,,,
,,,,,,
,,,,,,
,,,,,,
,,,,,,
,,,,,,
,,,,,,
,,,,,,
,,,,,,
,,,,,,
,,,,,,
,,,,,,
,,,,,,
,,,,,,
,,,,,,
,,,,,,
,,,,,,
,,,,,,
,,,,,,
,,,,,,
,,,,,,
,,,,,,
,,,,,,
,,,,,,
,,,,,,
,,,,,,
,,,,,,
,,,,,,
,,,,,,
,,,,,,
,,,,,,
,,,,,,
,,,,,,
,,,,,,
,,,,,,
,,,,,,
,,,,,,
,,,,,,
,,,,,,
,,,,,,
,,,,,,
,,,,,,
,,,,,,
,,,,,,
,,,,,,
,,,,,,
,,,,,,
,,,,,,
,,,,,,
,,,,,,
,,,,,,
,,,,,,
,,,,,,
,,,,,,
,,,,,,
,,,,,,
,,,,,,
,,,,,,
,,,,,,
,,,,,,
,,,,,,
,,,,,,
,,,,,,
,,,,,,
,,,,,,
,,,,,,
,,,,,,
,,,,,,
,,,,,,
,,,,,,
,,,,,,
,,,,,,
,,,,,,
,,,,,,
,,,,,,
,,,,,,
,,,,,,
,,,,,,
,,,,,,
,,,,,,
,,,,,,
,,,,,,
,,,,,,
,,,,,,
,,,,,,
,,,,,,
,,,,,,
,,,,,,
,,,,,,
,,,,,,
,,,,,,
,,,,,,
,,,,,,
,,,,,,
,,,,,,
,,,,,,
,,,,,,
,,,,,,
,,,,,,
,,,,,,
,,,,,,
,,,,,,
,,,,,,
,,,,,,
,,,,,,
,,,,,,
,,,,,,
,,,,,,
,,,,,,
,,,,,,
,,,,,,
,,,,,,
,,,,,,
,,,,,,
,,,,,,
,,,,,,
,,,,,,
,,,,,,
,,,,,,
,,,,,,
,,,,,,
,,,,,,
,,,,,,
,,,,,,
,,,,,,
,,,,,,
,,,,,,
,,,,,,
,,,,,,
,,,,,,
,,,,,,
,,,,,,
,,,,,,
,,,,,,
,,,,,,
,,,,,,
,,,,,,
,,,,,,
,,,,,,
,,,,,,
,,,,,,
,,,,,,
,,,,,,
,,,,,,
,,,,,,
,,,,,,
,,,,,,
,,,,,,
,,,,,,
,,,,,,
,,,,,,
,,,,,,
,,,,,,
,,,,,,
,,,,,,
,,,,,,
,,,,,,
,,,,,,
,,,,,,
,,,,,,
,,,,,,
,,,,,,
,,,,,,
,,,,,,
,,,,,,
,,,,,,
,,,,,,
,,,,,,
,,,,,,
,,,,,,
,,,,,,
,,,,,,
,,,,,,
,,,,,,
,,,,,,
,,,,,,
,,,,,,
,,,,,,
,,,,,,
,,,,,,
,,,,,,
,,,,,,
,,,,,,